au,kunde,va,gesamt,vorlauf,lager,quelle,key,grp,zahlungseingang,start
AU2026040113527,GGY Trade s.r.o.,Abholung,0,0.0,0.0,Pipeline-2026,ggytradesro,ggytradesro,2026-04-01,2026-04-01
AU2026032513511,Nikokira Outlet,Abholung,13,6.0,7.0,Pipeline-2026,nikokiraoutlet,nikokiraoutlet,2026-04-21,2026-03-25
AU2026032513508,IG International,Spedition,13,6.0,7.0,Pipeline-2026,iginternational,iginternational,2026-04-13,2026-03-25
AU2026032013497,Stock House Nikaias,Abholung,18,11.0,7.0,Pipeline-2026,stockhousenikaias,stockhousenikaias,2026-04-02,2026-03-20
AU2026040113530,SADI,Abholung,6,0.0,6.0,Pipeline-2026,sadi,sadi,2026-04-07,2026-04-01
AU2026032013499,Hermans Trading,Abholung,18,5.0,13.0,Pipeline-2026,hermanstrading,hermanstrading,2026-03-25,2026-03-20
AU2026033113526,Hanseatic Georgia LLC,Abholung,15,0.0,15.0,Pipeline-2026,hanseaticgeorgia,hanseaticgeorgia,2026-05-07,2026-03-31
AU2026032413504,Kaldi Prime Kft,Abholung,23,8.0,15.0,Pipeline-2026,kaldiprime,kaldiprime,2026-04-08,2026-03-24
AU2026040113529,Simex D.O.O,Abholung,9,1.0,8.0,Pipeline-2026,simexdoo,simexdoo,2026-04-09,2026-04-01
AU2026040213533,Egzoni Sh.P.K,Abholung,12,5.0,7.0,Pipeline-2026,egzonishpk,egzonishpk,2026-04-08,2026-04-02
AU2026033113525,TECHNO ELECTRONICS 5 Ltd,Abholung,10,0.0,10.0,Pipeline-2026,technoelectronics5,technoelectronics5,2026-05-04,2026-03-31
AU2026040813534,Online Shopping Trade,Spedition,2,0.0,2.0,Pipeline-2026,onlineshoppingtrade,onlineshoppingtrade,2026-04-09,2026-04-08
AU2026040813535,Luboš Ulman,Spedition,2,0.0,2.0,Pipeline-2026,luboulman,luboulman,2026-04-21,2026-04-08
AU2026040913538,Buy4less GmbH,Abholung,5,1.0,4.0,Pipeline-2026,buy4less,buy4less,2026-05-08,2026-04-09
AU2026040913536,GGY Trade s.r.o.,Abholung,4,,,Pipeline-2026,ggytradesro,ggytradesro,2026-04-13,2026-04-09
AU2026041013542,New Returns,Spedition,4,0.0,4.0,Pipeline-2026,newreturns,newreturns,2026-04-21,2026-04-10
AU2026041013539,SUNELECTRO OÜ,Abholung,7,0.0,7.0,Pipeline-2026,sunelectro,sunelectro,2026-04-14,2026-04-10
AU2026031113475,Euroda Transport & Handel,Abholung,35,20.0,15.0,Pipeline-2026,eurodatransporthandel,eurodatransporthandel,2026-04-10,2026-03-11
AU2026041013547,M&J TRADE D.O.O.,Abholung,5,3.0,2.0,Pipeline-2026,mjtradedoo,mjtradedoo,2026-04-15,2026-04-10
AU2026041013544,Buy4less GmbH,Spedition,11,3.0,8.0,Pipeline-2026,buy4less,buy4less,2026-05-18,2026-04-10
AU2026041013546,Banat Electrocasnice S.R.L,Spedition,14,3.0,11.0,Pipeline-2026,banatelectrocasnicesrl,banatelectrocasnicesrl,2026-04-14,2026-04-10
AU2026041413558,NAS ELECTROMENAGER,Abholung,3,0.0,3.0,Pipeline-2026,naselectromenager,naselectromenager,2026-04-15,2026-04-14
AU2026041413551,GLOBAL LIQUIDACIONES SL,Spedition,9,0.0,9.0,Pipeline-2026,globalliquidaciones,globalliquidaciones,2026-04-15,2026-04-14
AU2026041013541,IG International,Spedition,11,5.0,6.0,Pipeline-2026,iginternational,iginternational,2026-04-27,2026-04-10
AU2026041413552,SUNELECTRO OÜ,Abholung,13,0.0,13.0,Pipeline-2026,sunelectro,sunelectro,2026-04-21,2026-04-14
AU2026040113528,Simex Outlet,Abholung,21,,,Pipeline-2026,simexoutlet,simexoutlet,2026-04-20,2026-04-01
AU2026041413555,Marketvibe Srl,Abholung,9,,,Pipeline-2026,marketvibe,marketvibe,2026-04-20,2026-04-14
AU2026041413554,Uab Stevija,Abholung,22,,,Pipeline-2026,stevija,stevija,2026-04-20,2026-04-14
AU2026042013572,Elektroshop Enny Dizdarevic Ernesa e.U.,Spedition,16,0.0,16.0,Pipeline-2026,elektroshopennydizdarevicernesaeu,elektroshopennydizdarevicernesaeu,2026-04-22,2026-04-20
AU2026041313549,Almost New LTD,Abholung,25,1.0,24.0,Pipeline-2026,almostnew,almostnew,2026-04-15,2026-04-13
AU2026041313550,Hanseatic Georgia LLC,Abholung,23,,,Pipeline-2026,hanseaticgeorgia,hanseaticgeorgia,,2026-04-13
AU2026041613565,ELECTRO BALKAN DI BOJANIC ZELJKO,Spedition,7,5.0,2.0,Pipeline-2026,electrobalkandibojaniczeljko,electrobalkan,2026-04-29,2026-04-16
AU2026042113580,GGY Trade s.r.o.,Abholung,6,1.0,5.0,Pipeline-2026,ggytradesro,ggytradesro,2026-04-27,2026-04-21
AU2026042013574,UAB Stevija,Abholung,16,1.0,15.0,Pipeline-2026,stevija,stevija,2026-04-21,2026-04-20
AU2026042213581,Hanseatic Georgia LLC,Abholung,21,0.0,21.0,Pipeline-2026,hanseaticgeorgia,hanseaticgeorgia,2026-06-05,2026-04-22
AU2026042113577,Schotte Sam,Abholung,2,,,Pipeline-2026,schottesam,schottesam,2026-04-21,2026-04-21
AU2026042213582,Online Shopping Trade S.R.O.,Spedition,2,0.0,2.0,Pipeline-2026,onlineshoppingtradesro,onlineshoppingtrade,2026-04-23,2026-04-22
AU2026042013573,IG International,Spedition,7,3.0,4.0,Pipeline-2026,iginternational,iginternational,2026-05-04,2026-04-20
AU2026042313587,IG International,Spedition,4,0.0,4.0,Pipeline-2026,iginternational,iginternational,2026-04-27,2026-04-23
AU2026042113576,UAB Portana,Abholung,7,2.0,5.0,Pipeline-2026,portana,portana,2026-05-21,2026-04-21
AU2026041413553,Sefik Saracevic,Abholung,14,9.0,5.0,Pipeline-2026,sefiksaracevic,sefiksaracevic,2026-04-28,2026-04-14
AU2026042313585,M&J TRADE D.O.O.,Abholung,22,0.0,22.0,Pipeline-2026,mjtradedoo,mjtradedoo,2026-04-30,2026-04-23
AU2026042413592,Techno Planet LTD,Abholung,14,,,Pipeline-2026,technoplanet,technoplanet,2026-05-07,2026-04-24
AU2026042713595,Hanseatic Georgia LLC,Abholung,15,0.0,15.0,Pipeline-2026,hanseaticgeorgia,hanseaticgeorgia,,2026-04-27
AU2026042713596,Simex D.o.o,Abholung,10,0.0,10.0,Pipeline-2026,simexdoo,simexdoo,2026-05-04,2026-04-27
AU2026040913537,Herman Trading,Abholung,25,18.0,7.0,Pipeline-2026,hermantrading,hermantrading,2026-04-30,2026-04-09
AU2026042313586,TECHNO ELECTRONICS 5 Ltd,Abholung,15,4.0,11.0,Pipeline-2026,technoelectronics5,technoelectronics5,2026-06-01,2026-04-23
AU2026042113579,Enterijer D.O.O.,Abholung,14,6.0,8.0,Pipeline-2026,enterijerdoo,enterijerdoo,2026-05-26,2026-04-21
AU2026042913604,Elektroshop Enny Dizdarevic Ernesa e.U.,Spedition,7,0.0,7.0,Pipeline-2026,elektroshopennydizdarevicernesaeu,elektroshopennydizdarevicernesaeu,2026-05-05,2026-04-29
AU2026042813601,Home Discount S.R.L.,Spedition,10,1.0,9.0,Pipeline-2026,homediscountsrl,homediscountsrl,2026-05-06,2026-04-28
AU2026042813600,Hanseatic Georgia LLC,Abholung,14,1.0,13.0,Pipeline-2026,hanseaticgeorgia,hanseaticgeorgia,,2026-04-28
AU2026050413610,AMY Witgoed,Abholung,9,0.0,9.0,Pipeline-2026,amywitgoed,amywitgoed,2026-05-13,2026-05-04
AU2026050413611,RU Recycling und Umweltdienst GmbH,Spedition,2,1.0,1.0,Pipeline-2026,rurecyclingundumweltdienst,rurecyclingundumweltdienst,2026-05-27,2026-05-04
AU2026050513613,UAB Stevija,Abholung,1,0.0,1.0,Pipeline-2026,stevija,stevija,2026-05-05,2026-05-05
AU2026042913603,KOUTLIANOS NIKOS,Abholung,30,0.0,30.0,Pipeline-2026,koutlianosnikos,koutlianosnikos,2026-05-13,2026-04-29
AU2026043013607,KAJTEK Patrycja Minkina,Abholung,7,0.0,7.0,Pipeline-2026,kajtekpatrycjaminkina,kajtekpatrycjaminkina,2026-05-05,2026-04-30
AU2026042913605,Outlet Mebeli Ltd,Abholung,20,1.0,19.0,Pipeline-2026,outletmebeli,outletmebeli,2026-05-08,2026-04-29
AU2026042413593,Euroda Transport & Handel,Abholung,21,,,Pipeline-2026,eurodatransporthandel,eurodatransporthandel,2026-06-12,2026-04-24
AU2026050513612,Buy 24,Spedition,8,0.0,8.0,Pipeline-2026,buy24,buy24,2026-05-11,2026-05-05
AU2026043013606,Elektro Outlet Sinzig GmbH I.G.,Abholung,15,0.0,15.0,Pipeline-2026,elektrooutletsinzigig,elektrosinizig,2026-05-15,2026-04-30
AU2026043013608,IG International,Spedition,12,8.0,4.0,Pipeline-2026,iginternational,iginternational,2026-05-18,2026-04-30
AU2026050813620,IG International,Spedition,4,0.0,4.0,Pipeline-2026,iginternational,iginternational,2026-05-13,2026-05-08
AU2026050813619,Techno Vision Group Ltd.,Abholung,11,0.0,11.0,Pipeline-2026,technovisiongroup,technovisiongroup,2026-05-11,2026-05-08
AU2026051313629,Emporia antalaktikon,Abholung,2,0.0,2.0,Pipeline-2026,emporiaantalaktikon,emporiaantalaktikon,2026-05-20,2026-05-13
AU2026041413557,Emporia antalaktikon,Abholung,31,29.0,2.0,Pipeline-2026,emporiaantalaktikon,emporiaantalaktikon,2026-06-05,2026-04-14
AU2026050813622,Buy4less GmbH,Abholung,11,0.0,11.0,Pipeline-2026,buy4less,buy4less,2026-06-22,2026-05-08
AU2026043013609,Rati Marti,Abholung,20,0.0,20.0,Pipeline-2026,ratimarti,ratimarti,2026-05-06,2026-04-30
AU2026051313633,Rati Marti,Abholung,7,0.0,7.0,Pipeline-2026,ratimarti,ratimarti,2026-05-18,2026-05-13
AU2026051213625,Nikokira Outlet,Abholung,8,1.0,7.0,Pipeline-2026,nikokiraoutlet,nikokiraoutlet,2026-05-27,2026-05-12
AU2026051513635,Soutis Electrics,Abholung,5,0.0,5.0,Pipeline-2026,soutiselectrics,soutiselectrics,2026-05-19,2026-05-15
AU2026051813640,(Privat) Tanja Köstler,Abholung,1,0.0,1.0,Pipeline-2026,privattanjaköstler,privattanjaköstler,2026-05-20,2026-05-18
AU2026051113624,Outlet Mebeli Ltd,Abholung,17,4.0,13.0,Pipeline-2026,outletmebeli,outletmebeli,2026-05-26,2026-05-11
AU2026051913646,Ados Witgoed,Spedition,3,0.0,7.0,Pipeline-2026,adoswitgoed,adoswitgoed,2026-05-20,2026-05-19
AU2026051313630,Todo Cash,Spedition,23,2.0,21.0,Pipeline-2026,todocash,todocash,2026-05-20,2026-05-13
AU2026051213626,Kaldi Prime Kft,Abholung,16,3.0,13.0,Pipeline-2026,kaldiprime,kaldiprime,2026-05-20,2026-05-12
AU2026051513634,MON-LIP ROCK KFT,Abholung,18,0.0,18.0,Pipeline-2026,monliprock,monliprock,2026-05-20,2026-05-15
AU2026051213627,Ovit Shop V.O.F.,Abholung,14,6.0,8.0,Pipeline-2026,ovitshopvof,ovitshopvof,2026-06-15,2026-05-12
AU2026050813618,Enno Kundendienst,Spedition,19,10.0,9.0,Pipeline-2026,ennokundendienst,ennokundendienst,2026-05-27,2026-05-08
AU2026052013653,Online Shopping Trade S.R.O. Számlázási,Spedition,2,0.0,3.0,Pipeline-2026,onlineshoppingtradesroszmlzsi,onlineshoppingtrade,2026-05-21,2026-05-20
AU2026051513638,Marketvibe Srl,Abholung,12,5.0,7.0,Pipeline-2026,marketvibe,marketvibe,2026-06-08,2026-05-15
AU2026052113658,Ovit Shop V.O.F.,Abholung,6,1.0,5.0,Pipeline-2026,ovitshopvof,ovitshopvof,2026-06-22,2026-05-21
AU2026051913649,P&C Trading B.V.,Abholung,9,0.0,9.0,Pipeline-2026,pctradingbv,pctradingbv,2026-05-27,2026-05-19
AU2026051513637,M&J TRADE D.O.O.,Abholung,19,5.0,14.0,Pipeline-2026,mjtradedoo,mjtradedoo,2026-05-28,2026-05-15
AU2026052113656,Todo Cash,Spedition,15,0.0,15.0,Pipeline-2026,todocash,todocash,2026-05-26,2026-05-21
AU2026051913650,P&C Trading B.V.,Abholung,14,0.0,14.0,Pipeline-2026,pctradingbv,pctradingbv,2026-05-22,2026-05-19
AU2026052213664,P&C Trading B.V.,Abholung,11,0.0,11.0,Pipeline-2026,pctradingbv,pctradingbv,2026-05-27,2026-05-22
AU2026052013652,Outlet Mebeli Ltd,Abholung,40,0.0,40.0,Pipeline-2026,outletmebeli,outletmebeli,2026-05-26,2026-05-20
AU2026052613674,P&C Trading B.V.,Abholung,7,0.0,11.0,Pipeline-2026,pctradingbv,pctradingbv,2026-05-27,2026-05-26
AU2026052113660,Alayham Shakantana,Abholung,20,1.0,19.0,Pipeline-2026,alayhamshakantana,alayhamshakantana,2026-06-01,2026-05-21
AU2026052113657,Buy24,Lieferung,7,1.0,6.0,Pipeline-2026,buy24,buy24,2026-05-26,2026-05-21
AU2026052713680,KOUTLIANOS,Abholung,14,12.0,2.0,Pipeline-2026,koutlianos,koutlianos,2026-06-10,2026-05-27
AU2026051813642,IG International,Spedition,15,8.0,7.0,Pipeline-2026,iginternational,iginternational,2026-06-03,2026-05-18
AU2026052213669,Outlet Simex D.O.O,Abholung,12,4.0,8.0,Pipeline-2026,outletsimexdoo,outletsimexdoo,2026-05-29,2026-05-22
AU2026051913648,HermansTrading BV,Abholung,14,8.0,6.0,Pipeline-2026,hermanstrading,hermanstrading,2026-06-08,2026-05-19
AU2026052813681,M&J TRADE D.O.O.,Abholung,6,0.0,7.0,Pipeline-2026,mjtradedoo,mjtradedoo,2026-05-28,2026-05-28
AU2026052713677,(Privat) Daniel Toska,Abholung,9,0.0,9.0,Pipeline-2026,privatdanieltoska,privatdanieltoska,2026-05-28,2026-05-27
AU2026052813684,Nikokira Outlet,Abholung,11,0.0,11.0,Pipeline-2026,nikokiraoutlet,nikokiraoutlet,2026-06-16,2026-05-28
AU2026052113663,Sefik Saracevic,Abholung,11,7.0,4.0,Pipeline-2026,sefiksaracevic,sefiksaracevic,2026-06-01,2026-05-21
AU2026052813686,KOUTLIANOS,Abholung,13,11.0,2.0,Pipeline-2026,koutlianos,koutlianos,2026-06-10,2026-05-28
AU2026052213670,Markaris Petros,Abholung,17,6.0,11.0,Pipeline-2026,markarispetros,markarispetros,2026-06-03,2026-05-22
AU2026052913691,Deland Ltd EOOD,Abholung,13,,,Pipeline-2026,deland,deland,2026-06-02,2026-05-29
AU2026060113693,Online Shopping Trade S.R.O. Számlázási,Spedition,7,4.0,3.0,Pipeline-2026,onlineshoppingtradesroszmlzsi,onlineshoppingtrade,2026-06-05,2026-06-01
AU2026052613671,Hanseatic Georgia LLC,Abholung,13,3.0,10.0,Pipeline-2026,hanseaticgeorgia,hanseaticgeorgia,,2026-05-26
AU2026060113692,Johannes Heller,Abholung,1,1.0,0.0,Pipeline-2026,johannesheller,johannesheller,,2026-06-01
AU2026051913647,Karakitsos Stock House IKE,Abholung,20,9.0,11.0,Pipeline-2026,karakitsosstockhouse,karakitsosstockhouse,2026-06-05,2026-05-19
AU2026052913687,Karakitsos Stock House IKE,Abholung,10,0.0,11.0,Pipeline-2026,karakitsosstockhouse,karakitsosstockhouse,2026-06-05,2026-05-29
AU2026052613675,GGY Trade s.r.o.,Abholung,35,,,Pipeline-2026,ggytradesro,ggytradesro,2026-06-23,2026-05-26
AU2026052713678,Alayham Shakantana,Abholung,15,0.0,15.0,Pipeline-2026,alayhamshakantana,alayhamshakantana,2026-06-01,2026-05-27
AU2026051113623,IG International,Spedition,10,7.0,3.0,Pipeline-2026,iginternational,iginternational,2026-05-26,2026-05-11
AU2026060213698,Nagy Szabolcs Bela,Abholung,8,3.0,5.0,Pipeline-2026,nagyszabolcsbela,nagyszabolcsbela,2026-06-10,2026-06-02
AU2026060213697,RU Recycling und Umweltdienst GmbH,Spedition,7,1.0,6.0,Pipeline-2026,rurecyclingundumweltdienst,rurecyclingundumweltdienst,2026-06-24,2026-06-02
AU2026051913644,TECHNO ELECTRONICS 5 Ltd,Abholung,22,17.0,5.0,Pipeline-2026,technoelectronics5,technoelectronics5,2026-06-29,2026-05-19
AU2026060213696,Buy 24,Spedition,10,,,Pipeline-2026,buy24,buy24,2026-06-10,2026-06-02
AU2026060513704,M&J TRADE D.O.O.,Abholung,12,,,Pipeline-2026,mjtradedoo,mjtradedoo,2026-06-12,2026-06-05
AU2026060513703,Sefik Saracevic,Abholung,7,3.0,4.0,Pipeline-2026,sefiksaracevic,sefiksaracevic,2026-06-29,2026-06-05
AU2026060313699,Hanseatic Georgia LLC,Abholung,19,,,Pipeline-2026,hanseaticgeorgia,hanseaticgeorgia,2026-06-22,2026-06-03
AU2026060313702,Hermans Trading BV,Abholung,19,,,Pipeline-2026,hermanstrading,hermanstrading,2026-06-08,2026-06-03
AU2026060913711,Warriors Cascade,Abholung,10,,,Pipeline-2026,warriorscascade,warriorscascade,2026-06-17,2026-06-09
AU2026060213694,Gujjar Begum,Spedition,16,6.0,10.0,Pipeline-2026,gujjarbegum,gujjarbegum,2026-06-08,2026-06-02
AU2026052713679,AMY Witgoed,Abholung,20,,,Pipeline-2026,amywitgoed,amywitgoed,2026-06-16,2026-05-27
AU2026052213668,UAB Stevija,Abholung,42,,,Pipeline-2026,stevija,stevija,2026-06-11,2026-05-22
AU2026061013713,Nagy Szabolcs Bela,Abholung,0,,,Pipeline-2026,nagyszabolcsbela,nagyszabolcsbela,2026-06-10,2026-06-10
AU2026061013715,Elettrodomestici Di Macchia Vito Giacomo,Spedition,7,,,Pipeline-2026,elettrodomesticidimacchiavitogiacomo,elettrodomesticidimacchiavitogiacomo,2026-06-15,2026-06-10
AU2026052013655,Simex D.O.O,Abholung,29,,,Pipeline-2026,simexdoo,simexdoo,2026-06-15,2026-05-20
AU2026060913710,M&J TRADE D.O.O.,Abholung,8,,,Pipeline-2026,mjtradedoo,mjtradedoo,2026-06-12,2026-06-09
AU2026060313701,IG International Trading GmbH,Spedition,13,,,Pipeline-2026,iginternationaltrading,iginternational,2026-06-17,2026-06-03
AU2026061113716,Hanseatic Georgia LLC,Abholung,11,,,Pipeline-2026,hanseaticgeorgia,hanseaticgeorgia,,2026-06-11
AU2026060813709,Egzoni Sh.P.K,Abholung,35,,,Pipeline-2026,egzonishpk,egzonishpk,2026-06-11,2026-06-08
AU2026061213720,NAS ELECTROMENAGER,Abholung,4,,,Pipeline-2026,naselectromenager,naselectromenager,2026-06-15,2026-06-12
AU2026061513726,Alma Trading Company,Spedition,8,,,Pipeline-2026,almatradingcompany,almatradingcompany,2026-06-17,2026-06-15
AU2026061513728,Gujjar Begum,Spedition,3,,,Pipeline-2026,gujjarbegum,gujjarbegum,2026-06-16,2026-06-15
AU2026061513727,RU Recycling und Umweltdienst GmbH,Spedition,2,,,Pipeline-2026,rurecyclingundumweltdienst,rurecyclingundumweltdienst,2026-07-03,2026-06-15
AU2026061213724,Banat Electrocasnice S.R.L,Abholung,21,,,Pipeline-2026,banatelectrocasnicesrl,banatelectrocasnicesrl,2026-06-29,2026-06-12
AU2026061613735,M&J TRADE D.O.O.,Abholung,1,,,Pipeline-2026,mjtradedoo,mjtradedoo,2026-06-16,2026-06-16
AU2026061513730,J & B Express,Spedition,7,,,Pipeline-2026,jbexpress,jbexpress,2026-06-17,2026-06-15
AU2026061713740,Banat Electrocasnice S.R.L,Abholung,30,,,Pipeline-2026,banatelectrocasnicesrl,banatelectrocasnicesrl,2026-06-30,2026-06-17
AU2026061613736,Outlet Simex D.O.O,Abholung,9,,,Pipeline-2026,outletsimexdoo,outletsimexdoo,2026-06-18,2026-06-16
AU2026061113718,Enterijer D.O.O.,Abholung,12,,,Pipeline-2026,enterijerdoo,enterijerdoo,,2026-06-11
AU2026061613739,Kaldi Prime Kft,Abholung,23,,,Pipeline-2026,kaldiprime,kaldiprime,2026-07-01,2026-06-16
AU2026061813743,Buy24,Spedition,4,,,Pipeline-2026,buy24,buy24,2026-06-23,2026-06-18
AU2026061613732,Soutis Electrics,Abholung,8,,,Pipeline-2026,soutiselectrics,soutiselectrics,2026-06-25,2026-06-16
AU2026061813746,Techno Vision Group Ltd.,Abholung,11,,,Pipeline-2026,technovisiongroup,technovisiongroup,2026-06-25,2026-06-18
AU2026061213721,UAB Stevija,Abholung,21,,,Pipeline-2026,stevija,stevija,2026-06-25,2026-06-12
AU2026062313758,Soutis Electrics,Abholung,1,,,Pipeline-2026,soutiselectrics,soutiselectrics,2026-06-25,2026-06-23
AU2026062213755,Leader Menager,Abholung,16,,,Pipeline-2026,leadermenager,leadermenager,2026-06-29,2026-06-22
AU2026061813747,ELECTRO BALKAN,Spedition,11,,,Pipeline-2026,electrobalkan,electrobalkan,2026-06-26,2026-06-18
AU2026062313759,Outlet Loket,Spedition,3,,,Pipeline-2026,outletloket,outletloket,2026-06-24,2026-06-23
AU2026061613737,Sefik Saracevic,Abholung,13,,,Pipeline-2026,sefiksaracevic,sefiksaracevic,,2026-06-16
AU2026062413762,Online Shopping Trade S.R.O. Számlázási,Spedition,8,,,Pipeline-2026,onlineshoppingtradesroszmlzsi,onlineshoppingtrade,2026-06-29,2026-06-24
AU2026061513729,Hermans Trading BV,,23,17.0,6.0,Pipeline-2026,hermanstrading,hermanstrading,2026-06-26,2026-06-15
AU2026061513725,Nikokira,Abholung,15,,,Pipeline-2026,nikokira,nikokira,,2026-06-15
AU2026062213756,IG,Spedition,9,,,Pipeline-2026,ig,ig,2026-06-30,2026-06-22
AU2026062513764,UAB Buitikas,Abholung,14,,,Pipeline-2026,buitikas,buitikas,2026-06-30,2026-06-25
AU2026062413763,UAB Buitikas,Abholung,15,,,Pipeline-2026,buitikas,buitikas,2026-06-30,2026-06-24
AU2026062613767,Techno Vision Group Ltd.,Abholung,3,,,Pipeline-2026,technovisiongroup,technovisiongroup,2026-06-29,2026-06-26
AU2026062413761,Ovit Shop V.O.F.,Abholung,9,,,Pipeline-2026,ovitshopvof,ovitshopvof,,2026-06-24
AU2026062613768,L&L Electronics Kft,Abholung,6,,,Pipeline-2026,llelectronics,llelectronics,2026-06-26,2026-06-26
AU2026061213722,Uab Portana,Abholung,33,,,Pipeline-2026,portana,portana,2026-06-29,2026-06-12
AU2026062913769,Online Shopping Trade S.R.O. Számlázási,Spedition,3,,,Pipeline-2026,onlineshoppingtradesroszmlzsi,onlineshoppingtrade,2026-07-01,2026-06-29
AU2026062913775,Banat Electrocasnice S.R.L,Abholung,18,,,Pipeline-2026,banatelectrocasnicesrl,banatelectrocasnicesrl,,2026-06-29
AU2026062913770,Egzoni Sh.P.K,Abholung,14,,,Pipeline-2026,egzonishpk,egzonishpk,2026-07-01,2026-06-29
AU2026063013777,UAB Buitikas,Abholung,9,,,Pipeline-2026,buitikas,buitikas,2026-06-30,2026-06-30
AU2026061613733,Elektro Outlet Sinzig GmbH I.G.,Spedition,22,,,Pipeline-2026,elektrooutletsinzigig,elektrosinizig,2026-06-29,2026-06-16
AU2026061913750,Hanseatic Georgia LLC,Abholung,26,,,Pipeline-2026,hanseaticgeorgia,hanseaticgeorgia,,2026-06-19
AU2026062913771,TECHNO ELECTRONICS 5 Ltd,Abholung,21,,,Pipeline-2026,technoelectronics5,technoelectronics5,,2026-06-29
AU2026062913774,UAB Stevija,Abholung,36,,,Pipeline-2026,stevija,stevija,,2026-06-29
AU2026010813259,SIOKOS DIM.GEORGIOS,Abholung,5,1.0,4.0,Pipeline-2026,siokosdimgeorgios,siokosdimgeorgios,2026-01-22,2026-01-08
AU2026010813260,Outlet Simex D.O.O,Abholung,8,4.0,4.0,Pipeline-2026,outletsimexdoo,outletsimexdoo,2026-01-12,2026-01-08
AU2026010913264,Kaldi Prime Kft,Spedition,5,0.0,6.0,Pipeline-2026,kaldiprime,kaldiprime,2026-01-13,2026-01-09
AU2026010813261,Simex D.O.O,Abholung,12,4.0,8.0,Pipeline-2026,simexdoo,simexdoo,2026-01-15,2026-01-08
AU2026010913263,Simex D.O.O,Abholung,11,3.0,8.0,Pipeline-2026,simexdoo,simexdoo,,2026-01-09
AU2026010913267,AMY Witgoed,Spedition,14,3.0,11.0,Pipeline-2026,amywitgoed,amywitgoed,2026-01-23,2026-01-09
AU2026010713257,UAB STEVIJA,Abholung,20,5.0,15.0,Pipeline-2026,stevija,stevija,2026-01-14,2026-01-07
AU2026011213271,UAB STEVIJA,Abholung,15,,,Pipeline-2026,stevija,stevija,,2026-01-12
AU2026011213268,OUTLET ELETTRODOMESTICI MERO,Spedition,4,,,Pipeline-2026,outletelettrodomesticimero,outletelettrodomesticimero,2026-01-14,2026-01-12
AU2026011213269,Oli Outlet Kft.,Spedition,9,2.0,7.0,Pipeline-2026,olioutlet,olioutlet,2026-01-19,2026-01-12
AU2026010913265,Sky Global Trade B.V,Spedition,11,5.0,6.0,Pipeline-2026,skyglobaltradebv,skyglobaltradebv,,2026-01-09
AU2026011313272,IG international trading GmbH,Spedition,7,0.0,7.0,Pipeline-2026,iginternationaltrading,iginternational,,2026-01-13
AU2026011513285,Hanseatic Georgia LLC,Abholung,6,1.0,5.0,Pipeline-2026,hanseaticgeorgia,hanseaticgeorgia,2026-02-16,2026-01-15
AU2026011313273,Alinklizi Almuntaser Billah,Abholung,8,3.0,5.0,Pipeline-2026,alinklizialmuntaserbillah,alinklizialmuntaserbillah,2026-01-16,2026-01-13
AU2026011413282,Othman Hasan,Spedition,6,2.0,4.0,Pipeline-2026,othmanhasan,othmanhasan,2026-02-02,2026-01-14
AU2026011413281,Online Shopping Trade,Spedition,7,1.0,6.0,Pipeline-2026,onlineshoppingtrade,onlineshoppingtrade,2026-01-16,2026-01-14
AU2026011413277,Enno Kundendienst,Spedition,7,1.0,6.0,Pipeline-2026,ennokundendienst,ennokundendienst,2026-01-20,2026-01-14
AU2026011313275,Nikokira Outlet,Abholung,8,3.0,5.0,Pipeline-2026,nikokiraoutlet,nikokiraoutlet,2026-01-20,2026-01-13
AU2026011313274,Warriors Cascade Lda,Spedition,9,3.0,6.0,Pipeline-2026,warriorscascade,warriorscascade,2026-01-19,2026-01-13
AU2026011213270,Fixon Trade Kft.,Abholung,11,4.0,7.0,Pipeline-2026,fixontrade,fixontrade,2026-01-16,2026-01-12
AU2026011613304,AMY Witgoed,Abholung,7,3.0,4.0,Pipeline-2026,amywitgoed,amywitgoed,2026-01-23,2026-01-16
AU2026011913308,IG international trading GmbH,Spedition,8,2.0,6.0,Pipeline-2026,iginternationaltrading,iginternational,2026-01-29,2026-01-19
AU2026012113314,UAB STEVIJA,Abholung,6,1.0,5.0,Pipeline-2026,stevija,stevija,2026-01-21,2026-01-21
AU2026011613305,Hanseatic Georgia LLC,Abholung,12,6.0,6.0,Pipeline-2026,hanseaticgeorgia,hanseaticgeorgia,2026-02-19,2026-01-16
AU2026012313317,Karakitsos Stock Haus,Abholung,11,0.0,11.0,Pipeline-2026,karakitsosstockhaus,karakitsosstockhaus,2026-01-30,2026-01-23
AU2026012013313,Home Discount S.R.L.,Abholung,10,0.0,10.0,Pipeline-2026,homediscountsrl,homediscountsrl,2026-01-27,2026-01-20
AU2026012313319,Ado’s Witgoed,Lieferung,10,,,Pipeline-2026,adoswitgoed,adoswitgoed,2026-01-27,2026-01-23
AU2026011513286,HOSTELCOL SUECA S.L.U,Spedition,19,1.0,18.0,Pipeline-2026,hostelcolsuecaslu,hostelcolsuecaslu,2026-01-23,2026-01-15
AU2026011613302,HOSTELCOL SUECA S.L.U,Spedition,18,3.0,15.0,Pipeline-2026,hostelcolsuecaslu,hostelcolsuecaslu,2026-01-23,2026-01-16
AU2026012013310,HOSTELCOL SUECA S.L.U,Spedition,14,0.0,14.0,Pipeline-2026,hostelcolsuecaslu,hostelcolsuecaslu,2026-01-23,2026-01-20
AU2026011513292,Elektro Outlet Sinzig GmbH I.G.,Spedition,21,0.0,21.0,Pipeline-2026,elektrooutletsinzigig,elektrosinizig,2026-02-03,2026-01-15
AU2026012813327,Soutis Electrics,Abholung,6,,,Pipeline-2026,soutiselectrics,soutiselectrics,2026-02-20,2026-01-28
AU2026012313320,IG international trading GmbH,Spedition,13,0.0,13.0,Pipeline-2026,iginternationaltrading,iginternational,2026-02-09,2026-01-23
AU2026012713326,Deland Ltd EOOD,Abholung,10,,,Pipeline-2026,deland,deland,2026-01-29,2026-01-27
AU2026012813334,Almost New LTD,Abholung,16,0.0,16.0,Pipeline-2026,almostnew,almostnew,2026-01-30,2026-01-28
AU2026012813335,PUKO Sp z.o.o.,Spedition,6,0.0,6.0,Pipeline-2026,puko,puko,2026-01-30,2026-01-28
AU2026012613324,TECHNO ELECTRONICS 5 Ltd,Abholung,9,2.0,7.0,Pipeline-2026,technoelectronics5,technoelectronics5,2026-02-27,2026-01-26
AU2026012813328,Marketvibe Srl,Spedition,7,0.0,7.0,Pipeline-2026,marketvibe,marketvibe,2026-01-30,2026-01-28
AU2026012813336,Online Shopping Trade S.R.O. Számlázási,Spedition,7,0.0,7.0,Pipeline-2026,onlineshoppingtradesroszmlzsi,onlineshoppingtrade,2026-01-30,2026-01-28
AU2026012313316,Hermans Trading,Abholung,14,0.0,18.0,Pipeline-2026,hermanstrading,hermanstrading,2026-01-26,2026-01-23
AU2026013013347,Outlet Mebeli Ltd,Abholung,12,4.0,8.0,Pipeline-2026,outletmebeli,outletmebeli,2026-02-02,2026-01-30
AU2026012313318,IDEA EOOD,Abholung,14,5.0,9.0,Pipeline-2026,idea,idea,2026-01-29,2026-01-23
AU2026012813333,IDEA EOOD,Abholung,9,0.0,9.0,Pipeline-2026,idea,idea,2026-01-29,2026-01-28
AU2026012713325,Deland Ltd EOOD,Abholung,15,1.0,14.0,Pipeline-2026,deland,deland,2026-01-30,2026-01-27
AU2026012813339,Enterijer D.O.O.,Abholung,12,0.0,12.0,Pipeline-2026,enterijerdoo,enterijerdoo,2026-03-02,2026-01-28
AU2026020213352,GLOBAL LIQUIDACIONES SL,Spedition,7,0.0,7.0,Pipeline-2026,globalliquidaciones,globalliquidaciones,2026-02-03,2026-02-02
AU2026012913343,Buy4less GmbH,Spedition,12,5.0,7.0,Pipeline-2026,buy4less,buy4less,2026-03-09,2026-01-29
AU2026013013351,Buy24,Spedition,14,3.0,11.0,Pipeline-2026,buy24,buy24,2026-02-03,2026-01-30
AU2026012913346,New Returns,Spedition,12,8.0,4.0,Pipeline-2026,newreturns,newreturns,2026-03-10,2026-01-29
AU2026020313357,IG international trading GmbH,Spedition,8,3.0,5.0,Pipeline-2026,iginternationaltrading,iginternational,2026-02-16,2026-02-03
AU2026021013380,Outlet Mebeli Ltd,,2,,,Pipeline-2026,outletmebeli,outletmebeli,2026-02-11,2026-02-10
AU2026020513365,Enno Kundendienst,Spedition,6,1.0,5.0,Pipeline-2026,ennokundendienst,ennokundendienst,2026-02-10,2026-02-05
AU2026020913378,CADS Engineering GmbH,Spedition,3,1.0,2.0,Pipeline-2026,cadsengineering,cadsengineering,2026-02-12,2026-02-09
AU2026020413361,UAB Portana,Abholung,9,0.0,9.0,Pipeline-2026,portana,portana,2026-02-25,2026-02-04
AU2026021013379,Green Loop GmbH,Spedition,3,1.0,2.0,Pipeline-2026,greenloop,greenloop,2026-02-11,2026-02-10
AU2025122313237,Sparhaus GbR,Spedition,52,45.0,7.0,Pipeline-2026,sparhaus,sparhaus,,2025-12-23
AU2026020513372,OVIT Shop,Abholung,12,1.0,11.0,Pipeline-2026,ovitshop,ovitshop,2026-02-27,2026-02-05
AU2026020313360,Sefik Saracevic,Abholung,10,1.0,9.0,Pipeline-2026,sefiksaracevic,sefiksaracevic,2026-02-13,2026-02-03
AU2026020413363,FSMM HAUSGERÄTE,Spedition,9,6.0,3.0,Pipeline-2026,fsmmhausgeräte,fsmmhausgeräte,2026-02-11,2026-02-04
AU2026020613374,Pfarrer von Konstantinos,,7,,,Pipeline-2026,pfarrervonkonstantinos,pfarrervonkonstantinos,2026-02-12,2026-02-06
AU2026021113381,Online Shopping Trade S.R.O. Számlázási,Spedition,7,0.0,7.0,Pipeline-2026,onlineshoppingtradesroszmlzsi,onlineshoppingtrade,2026-02-12,2026-02-11
AU2026020513367,Outlet Simex D.O.O,Abholung,14,1.0,13.0,Pipeline-2026,outletsimexdoo,outletsimexdoo,2026-02-17,2026-02-05
AU2026020513371,Nikos Koutlianos,Abholung,12,1.0,11.0,Pipeline-2026,nikoskoutlianos,nikoskoutlianos,2026-02-25,2026-02-05
AU2026021913407,Outlet Loket,Spedition,5,0.0,5.0,Pipeline-2026,outletloket,outletloket,2026-02-20,2026-02-19
AU2026021813399,Online Shopping Trade S.R.O. Számlázási,Spedition,6,1.0,5.0,Pipeline-2026,onlineshoppingtradesroszmlzsi,onlineshoppingtrade,2026-02-23,2026-02-18
AU2026022413420,Keeyword ApS.,Spedition,7,1.0,6.0,Pipeline-2026,keeyword,keeyword,2026-02-25,2026-02-24
AU2026021913408,NORMA24 Online Shop GmbH & Co. KG,Spedition,13,11.0,2.0,Pipeline-2026,norma24onlineshopco,norma24onlineshopco,2026-04-08,2026-02-19
AU2026030913460,Emporia antalaktikon,Abholung,9,1.0,8.0,Pipeline-2026,emporiaantalaktikon,emporiaantalaktikon,2026-03-13,2026-03-09
AU2026031013468,SADI,Abholung,14,0.0,14.0,Pipeline-2026,sadi,sadi,2026-03-12,2026-03-10
AU2026031013464,Kaldi Prime KFT,Spedition,10,1.0,9.0,Pipeline-2026,kaldiprime,kaldiprime,2026-03-18,2026-03-10
AU2026030913456,IG International,Spedition,8,2.0,6.0,Pipeline-2026,iginternational,iginternational,2026-03-23,2026-03-09
AU2026030913462,Karakitsos Stock House IKE,Abholung,15,1.0,14.0,Pipeline-2026,karakitsosstockhouse,karakitsosstockhouse,2026-03-23,2026-03-09
AU2026031213478,Ados Witgoed,Spedition,6,0.0,6.0,Pipeline-2026,adoswitgoed,adoswitgoed,2026-03-13,2026-03-12
AU2026031213479,Outlet Mebeli,Abholung,11,0.0,11.0,Pipeline-2026,outletmebeli,outletmebeli,2026-03-13,2026-03-12
AU2026031813492,Karakitsos Stock House IKE,Abholung,6,0.0,6.0,Pipeline-2026,karakitsosstockhouse,karakitsosstockhouse,2026-04-15,2026-03-18
AU2026031513486,IG international trading GmbH,Spedition,10,3.0,7.0,Pipeline-2026,iginternationaltrading,iginternational,2026-03-31,2026-03-15
AU2026031313485,KOUTLIANOS NIKOS,Abholung,20,,,Pipeline-2026,koutlianosnikos,koutlianosnikos,2026-03-18,2026-03-13
AU2026031813491,Nikokira Outlet,Abholung,6,0.0,6.0,Pipeline-2026,nikokiraoutlet,nikokiraoutlet,2026-03-25,2026-03-18
AU2026030613455,Sefik Saracevic,Abholung,19,12.0,7.0,Pipeline-2026,sefiksaracevic,sefiksaracevic,2026-03-26,2026-03-06
AU2026032413502,Ovit Shop V.O.F.,Abholung,3,0.0,3.0,Pipeline-2026,ovitshopvof,ovitshopvof,2026-04-16,2026-03-24
AU2026032513509,Online Shopping Trade S.R.O. Számlázási,Spedition,6,0.0,6.0,Pipeline-2026,onlineshoppingtradesroszmlzsi,onlineshoppingtrade,2026-03-27,2026-03-25
AU2025042811429,Buy4less GmbH,,36,,,WA-2025,buy4less,buy4less,,2025-04-28
AU2025050611485,Hanseatic georgia LLC,,29,,,WA-2025,hanseaticgeorgia,hanseaticgeorgia,,2025-05-06
AU2025050611491,Hanseatic georgia LLC,,29,,,WA-2025,hanseaticgeorgia,hanseaticgeorgia,,2025-05-06
AU2025050811504,Hermans Trading BV,,26,,,WA-2025,hermanstrading,hermanstrading,,2025-05-08
AU2025050811505,Enterijer D.O.O.,,49,,,WA-2025,enterijerdoo,enterijerdoo,,2025-05-08
AU2025051911556,EvroStok SRL,,30,,,WA-2025,evrostok,evrostok,,2025-05-19
AU2025052111573,Karakitsos Stock House IKE,,15,,,WA-2025,karakitsosstockhouse,karakitsosstockhouse,,2025-05-21
AU2025052111578,Karakitsos Stock House IKE,,15,,,WA-2025,karakitsosstockhouse,karakitsosstockhouse,,2025-05-21
AU2025052111579,Karakitsos Stock House IKE,,15,,,WA-2025,karakitsosstockhouse,karakitsosstockhouse,,2025-05-21
AU2025052211585,Outlet Simex D.O.O,,25,,,WA-2025,outletsimexdoo,outletsimexdoo,,2025-05-22
AU2025052711618,IG international trading GmbH,,9,,,WA-2025,iginternationaltrading,iginternational,,2025-05-27
AU2025052811619,Outlet Simex D.O.O,,19,,,WA-2025,outletsimexdoo,outletsimexdoo,,2025-05-28
AU2025052811620,Hermans Trading BV,,6,,,WA-2025,hermanstrading,hermanstrading,,2025-05-28
AU2025053011624,Hanseatic georgia LLC,,5,,,WA-2025,hanseaticgeorgia,hanseaticgeorgia,,2025-05-30
AU2025053011625,EvroStok SRL,,19,,,WA-2025,evrostok,evrostok,,2025-05-30
AU2025053011626,KOUTLIANOS NIKOS,,32,,,WA-2025,koutlianosnikos,koutlianosnikos,,2025-05-30
AU2025053011627,IG international trading GmbH,,6,,,WA-2025,iginternationaltrading,iginternational,,2025-05-30
AU2025060211629,TECHNO ELECTRONICS 5 Ltd,,9,,,WA-2025,technoelectronics5,technoelectronics5,,2025-06-02
AU2025060211630,Elektro Sinizig,,4,,,WA-2025,elektrosinizig,elektrosinizig,,2025-06-02
AU2025060211632,RU Recycling und Umweltdienst GmbH,,1,,,WA-2025,rurecyclingundumweltdienst,rurecyclingundumweltdienst,,2025-06-02
AU2025060311635,Cads Engineering GmbH,,0,,,WA-2025,cadsengineering,cadsengineering,,2025-06-03
AU2025060311636,Hermans Trading BV,,9,,,WA-2025,hermanstrading,hermanstrading,,2025-06-03
AU2025060311639,AGILA,,1,,,WA-2025,agila,agila,,2025-06-03
AU2025060311640,RU Recycling und Umweltdienst GmbH,,1,,,WA-2025,rurecyclingundumweltdienst,rurecyclingundumweltdienst,,2025-06-03
AU2025060311641,EvroStok SRL,,15,,,WA-2025,evrostok,evrostok,,2025-06-03
AU2025060511644,IG international trading GmbH,,5,,,WA-2025,iginternationaltrading,iginternational,,2025-06-05
AU2025060511645,Elektro Sinizig,,1,,,WA-2025,elektrosinizig,elektrosinizig,,2025-06-05
AU2025060511646,Witgoed Rijk,,6,,,WA-2025,witgoedrijk,witgoedrijk,,2025-06-05
AU2025060611647,EvroStok SRL,,12,,,WA-2025,evrostok,evrostok,,2025-06-06
AU2025060611649,Buy4less GmbH,,25,,,WA-2025,buy4less,buy4less,,2025-06-06
AU2025060611651,Rati Marti,,47,,,WA-2025,ratimarti,ratimarti,,2025-06-06
AU2025060611652,IG international trading GmbH,,4,,,WA-2025,iginternationaltrading,iginternational,,2025-06-06
AU2025060611653,Rati Marti,,12,,,WA-2025,ratimarti,ratimarti,,2025-06-06
AU2025060611654,MMO Group GmbH,,6,,,WA-2025,mmogroup,mmogroup,,2025-06-06
AU2025060611656,Soutis Electrics,,35,,,WA-2025,soutiselectrics,soutiselectrics,,2025-06-06
AU2025060611658,Elektro Outlet Bonn,,5,,,WA-2025,elektrooutletbonn,elektrooutletbonn,,2025-06-06
AU2025060611659,Elektro Outlet Bonn,,5,,,WA-2025,elektrooutletbonn,elektrooutletbonn,,2025-06-06
AU2025060611660,Elektro Outlet Bonn,,5,,,WA-2025,elektrooutletbonn,elektrooutletbonn,,2025-06-06
AU2025060611661,Hanseatic georgia LLC,,10,,,WA-2025,hanseaticgeorgia,hanseaticgeorgia,,2025-06-06
AU2025060611662,Rati Marti,,12,,,WA-2025,ratimarti,ratimarti,,2025-06-06
AU2025061011663,Hermans Trading BV,,2,,,WA-2025,hermanstrading,hermanstrading,,2025-06-10
AU2025061011664,Jet DP Sp z.o.o,,3,,,WA-2025,jetdp,jetdp,,2025-06-10
AU2025061011665,Jet DP Sp z.o.o,,3,,,WA-2025,jetdp,jetdp,,2025-06-10
AU2025061011666,Sefik,,0,,,WA-2025,sefik,sefik,,2025-06-10
AU2025061011667,Cads Engineering GmbH,,0,,,WA-2025,cadsengineering,cadsengineering,,2025-06-10
AU2025061011668,Almost New LTD,,23,,,WA-2025,almostnew,almostnew,,2025-06-10
AU2025061011669,L&L Electronics Kft,,3,,,WA-2025,llelectronics,llelectronics,,2025-06-10
AU2025061011670,L&L Electronics Kft,,3,,,WA-2025,llelectronics,llelectronics,,2025-06-10
AU2025061011671,Elektro Outlet Bonn,,1,,,WA-2025,elektrooutletbonn,elektrooutletbonn,,2025-06-10
AU2025061011672,TECHNO ELECTRONICS 5 Ltd,,15,,,WA-2025,technoelectronics5,technoelectronics5,,2025-06-10
AU2025061011673,TECHNO ELECTRONICS 5 Ltd,,2,,,WA-2025,technoelectronics5,technoelectronics5,,2025-06-10
AU2025061011674,L&L Electronics Kft,,3,,,WA-2025,llelectronics,llelectronics,,2025-06-10
AU2025061011675,AutoKompleks Transport,,3,,,WA-2025,autokomplekstransport,autokomplekstransport,,2025-06-10
AU2025061011676,AutoKompleks Transport,,3,,,WA-2025,autokomplekstransport,autokomplekstransport,,2025-06-10
AU2025061011677,TECHNO ELECTRONICS 5 Ltd,,1,,,WA-2025,technoelectronics5,technoelectronics5,,2025-06-10
AU2025061011678,IG international trading GmbH,,13,,,WA-2025,iginternationaltrading,iginternational,,2025-06-10
AU2025061011679,Outlet Simex D.O.O,,6,,,WA-2025,outletsimexdoo,outletsimexdoo,,2025-06-10
AU2025061011681,Rati Marti,,8,,,WA-2025,ratimarti,ratimarti,,2025-06-10
AU2025061011682,SOS Hausgeräte Radtke,,6,,,WA-2025,soshausgeräteradtke,soshausgeräteradtke,,2025-06-10
AU2025061111683,TECHNO ELECTRONICS 5 Ltd,,27,,,WA-2025,technoelectronics5,technoelectronics5,,2025-06-11
AU2025061111684,KD Elektromes S.R.L,,7,,,WA-2025,kdelektromessrl,kdelektromessrl,,2025-06-11
AU2025061211685,Hanseatic georgia LLC,,29,,,WA-2025,hanseaticgeorgia,hanseaticgeorgia,,2025-06-12
AU2025061211687,IG international trading GmbH,,11,,,WA-2025,iginternationaltrading,iginternational,,2025-06-12
AU2025061211688,IG international trading GmbH,,11,,,WA-2025,iginternationaltrading,iginternational,,2025-06-12
AU2025061211689,Jet DP Sp z.o.o,,1,,,WA-2025,jetdp,jetdp,,2025-06-12
AU2025061211690,SC Interm Grup SRL,,11,,,WA-2025,scintermgrup,scintermgrup,,2025-06-12
AU2025061211691,KD Elektromes S.R.L,,6,,,WA-2025,kdelektromessrl,kdelektromessrl,,2025-06-12
AU2025061211692,KD Elektromes S.R.L,,6,,,WA-2025,kdelektromessrl,kdelektromessrl,,2025-06-12
AU2025061211693,KD Elektromes S.R.L,,6,,,WA-2025,kdelektromessrl,kdelektromessrl,,2025-06-12
AU2025061211694,SC Interm Grup SRL,,11,,,WA-2025,scintermgrup,scintermgrup,,2025-06-12
AU2025061211695,SC Interm Grup SRL,,11,,,WA-2025,scintermgrup,scintermgrup,,2025-06-12
AU2025061211696,Euroda Transport &Handel,,5,,,WA-2025,eurodatransporthandel,eurodatransporthandel,,2025-06-12
AU2025061211697,KOUTLIANOS NIKOS,,19,,,WA-2025,koutlianosnikos,koutlianosnikos,,2025-06-12
AU2025061211698,Elektro Sinizig,,4,,,WA-2025,elektrosinizig,elektrosinizig,,2025-06-12
AU2025061211699,SIA Baltic Marketplace,,1,,,WA-2025,balticmarketplace,balticmarketplace,,2025-06-12
AU2025061211700,Simex D.O.O,,1,,,WA-2025,simexdoo,simexdoo,,2025-06-12
AU2025061211701,Simex D.O.O,,1,,,WA-2025,simexdoo,simexdoo,,2025-06-12
AU2025061211702,Outlet Simex D.O.O,,5,,,WA-2025,outletsimexdoo,outletsimexdoo,,2025-06-12
AU2025061211703,Outlet Simex D.O.O,,4,,,WA-2025,outletsimexdoo,outletsimexdoo,,2025-06-12
AU2025061211704,IG international trading GmbH,,11,,,WA-2025,iginternationaltrading,iginternational,,2025-06-12
AU2025061311706,Simex D.O.O,,20,,,WA-2025,simexdoo,simexdoo,,2025-06-13
AU2025061311707,Simex D.O.O,,20,,,WA-2025,simexdoo,simexdoo,,2025-06-13
AU2025061311708,Simex D.O.O,,20,,,WA-2025,simexdoo,simexdoo,,2025-06-13
AU2025061311709,Outlet Simex D.O.O,,17,,,WA-2025,outletsimexdoo,outletsimexdoo,,2025-06-13
AU2025061311711,Cads Engineering GmbH,,3,,,WA-2025,cadsengineering,cadsengineering,,2025-06-13
AU2025061311712,Ovitshop,,11,,,WA-2025,ovitshop,ovitshop,,2025-06-13
AU2025061311713,Ovitshop,,11,,,WA-2025,ovitshop,ovitshop,,2025-06-13
AU2025061611716,Enterijer D.O.O.,,10,,,WA-2025,enterijerdoo,enterijerdoo,,2025-06-16
AU2025061611718,Lubomir Karwot Outlet AGD,,8,,,WA-2025,lubomirkarwotoutletagd,lubomirkarwotoutletagd,,2025-06-16
AU2025061611719,KD Elektromes S.R.L,,2,,,WA-2025,kdelektromessrl,kdelektromessrl,,2025-06-16
AU2025061611720,KD Elektromes S.R.L,,15,,,WA-2025,kdelektromessrl,kdelektromessrl,,2025-06-16
AU2025061611721,Hermans Trading BV,,4,,,WA-2025,hermanstrading,hermanstrading,,2025-06-16
AU2025061611722,MON-LIP ROCK KFT,,9,,,WA-2025,monliprock,monliprock,,2025-06-16
AU2025061611723,Othman Hasan,,1,,,WA-2025,othmanhasan,othmanhasan,,2025-06-16
AU2025061611724,Othman Hasan,,1,,,WA-2025,othmanhasan,othmanhasan,,2025-06-16
AU2025061711725,Hermans Trading BV,,3,,,WA-2025,hermanstrading,hermanstrading,,2025-06-17
AU2025061711726,Hermans Trading BV,,3,,,WA-2025,hermanstrading,hermanstrading,,2025-06-17
AU2025061711729,Nagy Szabolcs Bela,,9,,,WA-2025,nagyszabolcsbela,nagyszabolcsbela,,2025-06-17
AU2025061711730,Nagy Szabolcs Bela,,29,,,WA-2025,nagyszabolcsbela,nagyszabolcsbela,,2025-06-17
AU2025061711734,Gujjar Begum,,1,,,WA-2025,gujjarbegum,gujjarbegum,,2025-06-17
AU2025061711735,IG international trading GmbH,,6,,,WA-2025,iginternationaltrading,iginternational,,2025-06-17
AU2025061711736,IG international trading GmbH,,6,,,WA-2025,iginternationaltrading,iginternational,,2025-06-17
AU2025061811737,Enterijer D.O.O.,,8,,,WA-2025,enterijerdoo,enterijerdoo,,2025-06-18
AU2025061811738,EvroStok SRL,,9,,,WA-2025,evrostok,evrostok,,2025-06-18
AU2025061811739,Elektro Sinizig,,8,,,WA-2025,elektrosinizig,elektrosinizig,,2025-06-18
AU2025061811740,Techno Planet LTD,,8,,,WA-2025,technoplanet,technoplanet,,2025-06-18
AU2025061811741,RU Recycling und Umweltdienst GmbH,,9,,,WA-2025,rurecyclingundumweltdienst,rurecyclingundumweltdienst,,2025-06-18
AU2025061811742,EvroStok SRL,,9,,,WA-2025,evrostok,evrostok,,2025-06-18
AU2025061811744,MON-LIP ROCK KFT,,7,,,WA-2025,monliprock,monliprock,,2025-06-18
AU2025061811746,Outlet Mebeli Ltd,,8,,,WA-2025,outletmebeli,outletmebeli,,2025-06-18
AU2025062011747,Buy24,,6,,,WA-2025,buy24,buy24,,2025-06-20
AU2025062011748,Techno Planet LTD,,8,,,WA-2025,technoplanet,technoplanet,,2025-06-20
AU2025062011749,Warriors Cascade Lda,,11,,,WA-2025,warriorscascade,warriorscascade,,2025-06-20
AU2025062011750,PowerSoft Vertriebs GmbH,,3,,,WA-2025,powersoftvertriebs,powersoftvertriebs,,2025-06-20
AU2025062011751,PowerSoft Vertriebs GmbH,,3,,,WA-2025,powersoftvertriebs,powersoftvertriebs,,2025-06-20
AU2025062011752,KD Elektromes S.R.L,,3,,,WA-2025,kdelektromessrl,kdelektromessrl,,2025-06-20
AU2025062311753,TECHNO ELECTRONICS 5 Ltd,,2,,,WA-2025,technoelectronics5,technoelectronics5,,2025-06-23
AU2025062311754,Emporia antalaktikon-Ilektrikon syskeuon,,5,,,WA-2025,emporiaantalaktikonilektrikonsyskeuon,emporiaantalaktikon,,2025-06-23
AU2025062311755,Emporia antalaktikon-Ilektrikon syskeuon,,5,,,WA-2025,emporiaantalaktikonilektrikonsyskeuon,emporiaantalaktikon,,2025-06-23
AU2025062311759,Hermans Trading BV,,11,,,WA-2025,hermanstrading,hermanstrading,,2025-06-23
AU2025062311760,Trade S.R.O. Számlázási,,2,,,WA-2025,tradesroszmlzsi,onlineshoppingtrade,,2025-06-23
AU2025062311761,Trade S.R.O. Számlázási,,2,,,WA-2025,tradesroszmlzsi,onlineshoppingtrade,,2025-06-23
AU2025062311762,Trade S.R.O. Számlázási,,2,,,WA-2025,tradesroszmlzsi,onlineshoppingtrade,,2025-06-23
AU2025062311763,Enterijer D.O.O.,,3,,,WA-2025,enterijerdoo,enterijerdoo,,2025-06-23
AU2025062411766,FSMM HAUSGERÄTE,,2,,,WA-2025,fsmmhausgeräte,fsmmhausgeräte,,2025-06-24
AU2025062411767,FSMM HAUSGERÄTE,,2,,,WA-2025,fsmmhausgeräte,fsmmhausgeräte,,2025-06-24
AU2025062411768,Trade S.R.O. Számlázási,,1,,,WA-2025,tradesroszmlzsi,onlineshoppingtrade,,2025-06-24
AU2025062411771,Todo Cash,,6,,,WA-2025,todocash,todocash,,2025-06-24
AU2025062411774,IG international trading GmbH,,13,,,WA-2025,iginternationaltrading,iginternational,,2025-06-24
AU2025062511776,Emporia antalaktikon-Ilektrikon syskeuon,,3,,,WA-2025,emporiaantalaktikonilektrikonsyskeuon,emporiaantalaktikon,,2025-06-25
AU2025062511777,Emporia antalaktikon-Ilektrikon syskeuon,,3,,,WA-2025,emporiaantalaktikonilektrikonsyskeuon,emporiaantalaktikon,,2025-06-25
AU2025062511778,Elektrorefit,,6,,,WA-2025,elektrorefit,elektrorefit,,2025-06-25
AU2025062511779,Outlet Mebeli Ltd,,5,,,WA-2025,outletmebeli,outletmebeli,,2025-06-25
AU2025062511780,SC Interm Grup SRL,,1,,,WA-2025,scintermgrup,scintermgrup,,2025-06-25
AU2025062511781,Elektrorefit,,6,,,WA-2025,elektrorefit,elektrorefit,,2025-06-25
AU2025062511782,IG international trading GmbH,,8,,,WA-2025,iginternationaltrading,iginternational,,2025-06-25
AU2025062611784,Ovitshop,,2,,,WA-2025,ovitshop,ovitshop,,2025-06-26
AU2025062611785,SC Interm Grup SRL,,0,,,WA-2025,scintermgrup,scintermgrup,,2025-06-26
AU2025062611786,UAB Portana,,11,,,WA-2025,portana,portana,,2025-06-26
AU2025062611787,Thomas Walter,,2,,,WA-2025,thomaswalter,thomaswalter,,2025-06-26
AU2025062611789,EURO-PLANET d.o.o.,,1,,,WA-2025,europlanetdoo,europlanetdoo,,2025-06-26
AU2025062611790,Sefik,,1,,,WA-2025,sefik,sefik,,2025-06-26
AU2025062611791,Techno Planet LTD,,0,,,WA-2025,technoplanet,technoplanet,,2025-06-26
AU2025062611792,SC Interm Grup SRL,,1,,,WA-2025,scintermgrup,scintermgrup,,2025-06-26
AU2025062611794,EvroStok SRL,,4,,,WA-2025,evrostok,evrostok,,2025-06-26
AU2025062711798,IG international trading GmbH,,6,,,WA-2025,iginternationaltrading,iginternational,,2025-06-27
AU2025062711799,Soutis Electrics,,14,,,WA-2025,soutiselectrics,soutiselectrics,,2025-06-27
AU2025062711800,Soutis Electrics,,14,,,WA-2025,soutiselectrics,soutiselectrics,,2025-06-27
AU2025062711801,Reinhold Barth Internationale Transporte,,4,,,WA-2025,reinholdbarthinternationaletransporte,reinholdbarthinternationaletransporte,,2025-06-27
AU2025062711804,Vatan Kommunikation,,3,,,WA-2025,vatankommunikation,vatankommunikation,,2025-06-27
AU2025062711805,KOUTLIANOS NIKOS,,4,,,WA-2025,koutlianosnikos,koutlianosnikos,,2025-06-27
AU2025062711806,KOUTLIANOS NIKOS,,5,,,WA-2025,koutlianosnikos,koutlianosnikos,,2025-06-27
AU2025062711807,KOUTLIANOS NIKOS,,17,,,WA-2025,koutlianosnikos,koutlianosnikos,,2025-06-27
AU2025062711808,KOUTLIANOS NIKOS,,4,,,WA-2025,koutlianosnikos,koutlianosnikos,,2025-06-27
AU2025062711809,KOUTLIANOS NIKOS,,4,,,WA-2025,koutlianosnikos,koutlianosnikos,,2025-06-27
AU2025063011815,Simex D.O.O,,3,,,WA-2025,simexdoo,simexdoo,,2025-06-30
AU2025063011816,FSMM HAUSGERÄTE,,10,,,WA-2025,fsmmhausgeräte,fsmmhausgeräte,,2025-06-30
AU2025063011817,Ados Witgoed,,1,,,WA-2025,adoswitgoed,adoswitgoed,,2025-06-30
AU2025070111818,NAS ELECTROMENAGER,,0,,,WA-2025,naselectromenager,naselectromenager,,2025-07-01
AU2025070111819,Hermans Trading BV,,3,,,WA-2025,hermanstrading,hermanstrading,,2025-07-01
AU2025070111821,Soutis Electrics,,10,,,WA-2025,soutiselectrics,soutiselectrics,,2025-07-01
AU2025070111822,Banat Electrocasnice S.R.L.,,9,,,WA-2025,banatelectrocasnicesrl,banatelectrocasnicesrl,,2025-07-01
AU2025070111823,Eco Gaz distribution,,2,,,WA-2025,ecogazdistribution,ecogazdistribution,,2025-07-01
AU2025070211828,PowerSoft Vertriebs GmbH,,21,,,WA-2025,powersoftvertriebs,powersoftvertriebs,,2025-07-02
AU2025070211829,Banat Electrocasnice S.R.L.,,8,,,WA-2025,banatelectrocasnicesrl,banatelectrocasnicesrl,,2025-07-02
AU2025070211830,Hanseatic georgia LLC,,9,,,WA-2025,hanseaticgeorgia,hanseaticgeorgia,,2025-07-02
AU2025070211831,Simex D.O.O,,1,,,WA-2025,simexdoo,simexdoo,,2025-07-02
AU2025070211832,Eco Gaz distribution,,1,,,WA-2025,ecogazdistribution,ecogazdistribution,,2025-07-02
AU2025070211833,NAS ELECTROMENAGER,,1,,,WA-2025,naselectromenager,naselectromenager,,2025-07-02
AU2025070211834,Oli Outlet Kft.,,5,,,WA-2025,olioutlet,olioutlet,,2025-07-02
AU2025070311835,Egzoni Sh.P.K,,81,,,WA-2025,egzonishpk,egzonishpk,,2025-07-03
AU2025070311837,IG international trading GmbH,,0,,,WA-2025,iginternationaltrading,iginternational,,2025-07-03
AU2025070311838,Ados Witgoed,,1,,,WA-2025,adoswitgoed,adoswitgoed,,2025-07-03
AU2025070311839,UAB Portana,,4,,,WA-2025,portana,portana,,2025-07-03
AU2025070311840,UAB Portana,,4,,,WA-2025,portana,portana,,2025-07-03
AU2025070311841,IG international trading GmbH,,0,,,WA-2025,iginternationaltrading,iginternational,,2025-07-03
AU2025070311842,Othman Hasan,,5,,,WA-2025,othmanhasan,othmanhasan,,2025-07-03
AU2025070311843,Othman Hasan,,5,,,WA-2025,othmanhasan,othmanhasan,,2025-07-03
AU2025070311844,Othman Hasan,,5,,,WA-2025,othmanhasan,othmanhasan,,2025-07-03
AU2025070311845,Hermans Trading BV,,1,,,WA-2025,hermanstrading,hermanstrading,,2025-07-03
AU2025070311846,Hermans Trading BV,,1,,,WA-2025,hermanstrading,hermanstrading,,2025-07-03
AU2025070311847,NAS ELECTROMENAGER,,1,,,WA-2025,naselectromenager,naselectromenager,,2025-07-03
AU2025070411848,NAS ELECTROMENAGER,,0,,,WA-2025,naselectromenager,naselectromenager,,2025-07-04
AU2025070411850,Gujjar Begum,,3,,,WA-2025,gujjarbegum,gujjarbegum,,2025-07-04
AU2025070411851,Karakitsos Stock House IKE,,4,,,WA-2025,karakitsosstockhouse,karakitsosstockhouse,,2025-07-04
AU2025070411852,Karakitsos Stock House IKE,,4,,,WA-2025,karakitsosstockhouse,karakitsosstockhouse,,2025-07-04
AU2025070411853,Szent Raffael Gyógyszertár Kft,,0,,,WA-2025,szentraffaelgygyszertr,szentraffaelgygyszertr,,2025-07-04
AU2025070411854,Cads Engineering GmbH,,3,,,WA-2025,cadsengineering,cadsengineering,,2025-07-04
AU2025070711855,L&L Electronics Kft,,59,,,WA-2025,llelectronics,llelectronics,,2025-07-07
AU2025070711856,UAB Portana,,0,,,WA-2025,portana,portana,,2025-07-07
AU2025070711858,IG international trading GmbH,,0,,,WA-2025,iginternationaltrading,iginternational,,2025-07-07
AU2025070711859,IG international trading GmbH,,0,,,WA-2025,iginternationaltrading,iginternational,,2025-07-07
AU2025070711860,KIV Trade Ltd.,,0,,,WA-2025,kivtrade,kivtrade,,2025-07-07
AU2025070711861,PowerSoft Vertriebs GmbH,,1,,,WA-2025,powersoftvertriebs,powersoftvertriebs,,2025-07-07
AU2025070711862,Hanseatic georgia LLC,,4,,,WA-2025,hanseaticgeorgia,hanseaticgeorgia,,2025-07-07
AU2025070711863,Hanseatic georgia LLC,,4,,,WA-2025,hanseaticgeorgia,hanseaticgeorgia,,2025-07-07
AU2025070811867,TECHNO ELECTRONICS 5 Ltd,,1,,,WA-2025,technoelectronics5,technoelectronics5,,2025-07-08
AU2025070811868,Nikokira Outlet,,7,,,WA-2025,nikokiraoutlet,nikokiraoutlet,,2025-07-08
AU2025070811869,Elektro Sinizig,,2,,,WA-2025,elektrosinizig,elektrosinizig,,2025-07-08
AU2025070811870,Soutis Electrics,,10,,,WA-2025,soutiselectrics,soutiselectrics,,2025-07-08
AU2025070811871,Elektro Sinizig,,1,,,WA-2025,elektrosinizig,elektrosinizig,,2025-07-08
AU2025070811872,Soutis Electrics,,3,,,WA-2025,soutiselectrics,soutiselectrics,,2025-07-08
AU2025070811874,SABO 2018 LTD,,8,,,WA-2025,sabo2018,sabo2018,,2025-07-08
AU2025070911875,IG international trading GmbH,,1,,,WA-2025,iginternationaltrading,iginternational,,2025-07-09
AU2025070911876,Hermans Trading BV,,5,,,WA-2025,hermanstrading,hermanstrading,,2025-07-09
AU2025070911877,Bastounis Anastasios,,1,,,WA-2025,bastounisanastasios,bastounisanastasios,,2025-07-09
AU2025070911880,IG international trading GmbH,,1,,,WA-2025,iginternationaltrading,iginternational,,2025-07-09
AU2025070911882,Enno Kundendienst,,1,,,WA-2025,ennokundendienst,ennokundendienst,,2025-07-09
AU2025070911883,Enno Kundendienst,,1,,,WA-2025,ennokundendienst,ennokundendienst,,2025-07-09
AU2025070911942,Kaldi Prime Kft,,8,,,WA-2025,kaldiprime,kaldiprime,,2025-07-09
AU2025070911944,Enno Kundendienst,,1,,,WA-2025,ennokundendienst,ennokundendienst,,2025-07-09
AU2025071011947,Jet DP Sp z.o.o,,27,,,WA-2025,jetdp,jetdp,,2025-07-10
AU2025071011948,Jet DP Sp z.o.o,,4,,,WA-2025,jetdp,jetdp,,2025-07-10
AU2025071011949,Electro B.P. SRL,,7,,,WA-2025,electrobp,electrobp,,2025-07-10
AU2025071011950,Electro B.P. SRL,,7,,,WA-2025,electrobp,electrobp,,2025-07-10
AU2025071011951,Electro B.P. SRL,,7,,,WA-2025,electrobp,electrobp,,2025-07-10
AU2025071011952,Rati Marti,,13,,,WA-2025,ratimarti,ratimarti,,2025-07-10
AU2025071011953,KAJTEK Patrycja Minkina,,4,,,WA-2025,kajtekpatrycjaminkina,kajtekpatrycjaminkina,,2025-07-10
AU2025071011954,Steinhäuser und Mai GbR,,6,,,WA-2025,steinhäuserundmai,steinhäuserundmai,,2025-07-10
AU2025071011955,IG international trading GmbH,,1,,,WA-2025,iginternationaltrading,iginternational,,2025-07-10
AU2025071011956,Electro B.P. SRL,,7,,,WA-2025,electrobp,electrobp,,2025-07-10
AU2025071011957,Electro B.P. SRL,,7,,,WA-2025,electrobp,electrobp,,2025-07-10
AU2025071011958,Electro B.P. SRL,,7,,,WA-2025,electrobp,electrobp,,2025-07-10
AU2025071011960,KOUTLIANOS NIKOS,,4,,,WA-2025,koutlianosnikos,koutlianosnikos,,2025-07-10
AU2025071011961,Outlet Loket,,4,,,WA-2025,outletloket,outletloket,,2025-07-10
AU2025071011962,AMY Witgoed,,5,,,WA-2025,amywitgoed,amywitgoed,,2025-07-10
AU2025071011963,UAB Portana,,1,,,WA-2025,portana,portana,,2025-07-10
AU2025071011964,AGILA,,42,,,WA-2025,agila,agila,,2025-07-10
AU2025071111966,NEO VENTO d.o.o.,,4,,,WA-2025,neoventodoo,neoventodoo,,2025-07-11
AU2025071111967,Jet DP Sp z.o.o,,3,,,WA-2025,jetdp,jetdp,,2025-07-11
AU2025071111970,Hermans Trading BV,,3,,,WA-2025,hermanstrading,hermanstrading,,2025-07-11
AU2025071111973,Die Kirschbohne UGmbH,,3,,,WA-2025,diekirschbohneugmbh,diekirschbohneugmbh,,2025-07-11
AU2025071411974,Jet DP Sp z.o.o,,0,,,WA-2025,jetdp,jetdp,,2025-07-14
AU2025071411977,Nagy Szabolcs Bela,,2,,,WA-2025,nagyszabolcsbela,nagyszabolcsbela,,2025-07-14
AU2025071411978,KD Elektromes S.R.L,,14,,,WA-2025,kdelektromessrl,kdelektromessrl,,2025-07-14
AU2025071411979,Electro B.P. SRL,,3,,,WA-2025,electrobp,electrobp,,2025-07-14
AU2025071411981,Zaher Albarazi,,4,,,WA-2025,zaheralbarazi,zaheralbarazi,,2025-07-14
AU2025071411984,Stock House Nikaias,,2,,,WA-2025,stockhousenikaias,stockhousenikaias,,2025-07-14
AU2025071411985,Rati Marti,,9,,,WA-2025,ratimarti,ratimarti,,2025-07-14
AU2025071411986,SC Interm Grup SRL,,2,,,WA-2025,scintermgrup,scintermgrup,,2025-07-14
AU2025071411987,SC Interm Grup SRL,,2,,,WA-2025,scintermgrup,scintermgrup,,2025-07-14
AU2025071411988,SC Interm Grup SRL,,2,,,WA-2025,scintermgrup,scintermgrup,,2025-07-14
AU2025071411989,IG international trading GmbH,,9,,,WA-2025,iginternationaltrading,iginternational,,2025-07-14
AU2025071411990,Stock House Nikaias,,2,,,WA-2025,stockhousenikaias,stockhousenikaias,,2025-07-14
AU2025071511991,Home Discount S.R.L.,,16,,,WA-2025,homediscountsrl,homediscountsrl,,2025-07-15
AU2025071511992,ELECTRO BALKAN DI BOJANIC ZELJKO,,6,,,WA-2025,electrobalkandibojaniczeljko,electrobalkan,,2025-07-15
AU2025071511993,SC Interm Grup SRL,,1,,,WA-2025,scintermgrup,scintermgrup,,2025-07-15
AU2025071511995,Bastounis Anastasios,,0,,,WA-2025,bastounisanastasios,bastounisanastasios,,2025-07-15
AU2025071511996,Bastounis Anastasios,,0,,,WA-2025,bastounisanastasios,bastounisanastasios,,2025-07-15
AU2025071511997,KAJTEK Patrycja Minkina,,0,,,WA-2025,kajtekpatrycjaminkina,kajtekpatrycjaminkina,,2025-07-15
AU2025071511998,Cads Engineering GmbH,,1,,,WA-2025,cadsengineering,cadsengineering,,2025-07-15
AU2025071511999,TECHNO ELECTRONICS 5 Ltd,,6,,,WA-2025,technoelectronics5,technoelectronics5,,2025-07-15
AU2025071512001,NEO VENTO d.o.o.,,1,,,WA-2025,neoventodoo,neoventodoo,,2025-07-15
AU2025071612002,IG international trading GmbH,,8,,,WA-2025,iginternationaltrading,iginternational,,2025-07-16
AU2025071612003,IG international trading GmbH,,6,,,WA-2025,iginternationaltrading,iginternational,,2025-07-16
AU2025071612004,ELECTRO BALKAN DI BOJANIC ZELJKO,,5,,,WA-2025,electrobalkandibojaniczeljko,electrobalkan,,2025-07-16
AU2025071612005,Hermans Trading BV,,6,,,WA-2025,hermanstrading,hermanstrading,,2025-07-16
AU2025071612006,IG international trading GmbH,,9,,,WA-2025,iginternationaltrading,iginternational,,2025-07-16
AU2025071612007,Nagy Szabolcs Bela,,0,,,WA-2025,nagyszabolcsbela,nagyszabolcsbela,,2025-07-16
AU2025071612008,Technopower Ltd,,6,,,WA-2025,technopower,technopower,,2025-07-16
AU2025071612009,Sefik,,1,,,WA-2025,sefik,sefik,,2025-07-16
AU2025071612010,IG international trading GmbH,,8,,,WA-2025,iginternationaltrading,iginternational,,2025-07-16
AU2025071612011,Electro B.P. SRL,,15,,,WA-2025,electrobp,electrobp,,2025-07-16
AU2025071612012,Banat Electrocasnice S.R.L.,,8,,,WA-2025,banatelectrocasnicesrl,banatelectrocasnicesrl,,2025-07-16
AU2025071612014,Home Discount S.R.L.,,5,,,WA-2025,homediscountsrl,homediscountsrl,,2025-07-16
AU2025071612015,Nader Hasan,,7,,,WA-2025,naderhasan,naderhasan,,2025-07-16
AU2025071612016,Hermans Trading BV,,6,,,WA-2025,hermanstrading,hermanstrading,,2025-07-16
AU2025071612017,Relax Techno OOD,,9,,,WA-2025,relaxtechnoood,relaxtechnoood,,2025-07-16
AU2025071612018,Elektro Sinizig,,8,,,WA-2025,elektrosinizig,elektrosinizig,,2025-07-16
AU2025071712019,ELECTRO BALKAN DI BOJANIC ZELJKO,,4,,,WA-2025,electrobalkandibojaniczeljko,electrobalkan,,2025-07-17
AU2025071712020,TECHNO ELECTRONICS 5 Ltd,,4,,,WA-2025,technoelectronics5,technoelectronics5,,2025-07-17
AU2025071712021,IG international trading GmbH,,5,,,WA-2025,iginternationaltrading,iginternational,,2025-07-17
AU2025071712023,Stock House Nikaias,,6,,,WA-2025,stockhousenikaias,stockhousenikaias,,2025-07-17
AU2025071812024,ELECTRO BALKAN DI BOJANIC ZELJKO,,4,,,WA-2025,electrobalkandibojaniczeljko,electrobalkan,,2025-07-18
AU2025071812025,Banat Electrocasnice S.R.L.,,6,,,WA-2025,banatelectrocasnicesrl,banatelectrocasnicesrl,,2025-07-18
AU2025071812030,IG international trading GmbH,,5,,,WA-2025,iginternationaltrading,iginternational,,2025-07-18
AU2025071812031,Outlet Mebeli Ltd,,7,,,WA-2025,outletmebeli,outletmebeli,,2025-07-18
AU2025072112034,Rati Marti,,2,,,WA-2025,ratimarti,ratimarti,,2025-07-21
AU2025072112035,Rati Marti,,2,,,WA-2025,ratimarti,ratimarti,,2025-07-21
AU2025072112037,Almost New LTD,,30,,,WA-2025,almostnew,almostnew,,2025-07-21
AU2025072112038,Buy24,,1,,,WA-2025,buy24,buy24,,2025-07-21
AU2025072112039,EURO-PLANET d.o.o.,,3,,,WA-2025,europlanetdoo,europlanetdoo,,2025-07-21
AU2025072112040,Buy24,,1,,,WA-2025,buy24,buy24,,2025-07-21
AU2025072112041,Hanseatic georgia LLC,,3,,,WA-2025,hanseaticgeorgia,hanseaticgeorgia,,2025-07-21
AU2025072112042,IG international trading GmbH,,3,,,WA-2025,iginternationaltrading,iginternational,,2025-07-21
AU2025072112043,IG international trading GmbH,,14,,,WA-2025,iginternationaltrading,iginternational,,2025-07-21
AU2025072212044,Trade S.R.O. Számlázási,,0,,,WA-2025,tradesroszmlzsi,onlineshoppingtrade,,2025-07-22
AU2025072212045,Trade S.R.O. Számlázási,,0,,,WA-2025,tradesroszmlzsi,onlineshoppingtrade,,2025-07-22
AU2025072212047,PowerSoft Vertriebs GmbH,,1,,,WA-2025,powersoftvertriebs,powersoftvertriebs,,2025-07-22
AU2025072212049,Stock House Nikaias,,1,,,WA-2025,stockhousenikaias,stockhousenikaias,,2025-07-22
AU2025072212050,Stock House Nikaias,,1,,,WA-2025,stockhousenikaias,stockhousenikaias,,2025-07-22
AU2025072212051,Stock House Nikaias,,1,,,WA-2025,stockhousenikaias,stockhousenikaias,,2025-07-22
AU2025072312052,SIA Baltic Marketplace,,1,,,WA-2025,balticmarketplace,balticmarketplace,,2025-07-23
AU2025072312053,SC Interm Grup SRL,,2,,,WA-2025,scintermgrup,scintermgrup,,2025-07-23
AU2025072312054,Trade S.R.O. Számlázási,,1,,,WA-2025,tradesroszmlzsi,onlineshoppingtrade,,2025-07-23
AU2025072312055,Trade S.R.O. Számlázási,,1,,,WA-2025,tradesroszmlzsi,onlineshoppingtrade,,2025-07-23
AU2025072412057,Witgoed Rijk,,4,,,WA-2025,witgoedrijk,witgoedrijk,,2025-07-24
AU2025072412059,Rati Marti,,25,,,WA-2025,ratimarti,ratimarti,,2025-07-24
AU2025072412060,SC Gelimpex SRL,,1,,,WA-2025,scgelimpex,scgelimpex,,2025-07-24
AU2025072412062,Hanseatic georgia LLC,,1,,,WA-2025,hanseaticgeorgia,hanseaticgeorgia,,2025-07-24
AU2025072512063,Lubomir Karwot Outlet AGD,,4,,,WA-2025,lubomirkarwotoutletagd,lubomirkarwotoutletagd,,2025-07-25
AU2025072512064,Elektro Sinizig,,10,,,WA-2025,elektrosinizig,elektrosinizig,,2025-07-25
AU2025072512066,Emporia antalaktikon-Ilektrikon syskeuon,,3,,,WA-2025,emporiaantalaktikonilektrikonsyskeuon,emporiaantalaktikon,,2025-07-25
AU2025072812068,Nikokira Outlet,,1,,,WA-2025,nikokiraoutlet,nikokiraoutlet,,2025-07-28
AU2025072812069,IG international trading GmbH,,21,,,WA-2025,iginternationaltrading,iginternational,,2025-07-28
AU2025072812070,PowerSoft Vertriebs GmbH,,1,,,WA-2025,powersoftvertriebs,powersoftvertriebs,,2025-07-28
AU2025072812071,Elektro Sinizig,,8,,,WA-2025,elektrosinizig,elektrosinizig,,2025-07-28
AU2025072812072,SC Interm Grup SRL,,0,,,WA-2025,scintermgrup,scintermgrup,,2025-07-28
AU2025072812074,Nikokira Outlet,,1,,,WA-2025,nikokiraoutlet,nikokiraoutlet,,2025-07-28
AU2025072812075,Trh-trade,,3,,,WA-2025,trhtrade,trhtrade,,2025-07-28
AU2025072812076,Trh-trade,,3,,,WA-2025,trhtrade,trhtrade,,2025-07-28
AU2025072812077,Buy4less GmbH,,10,,,WA-2025,buy4less,buy4less,,2025-07-28
AU2025072812080,Technopower Ltd,,1,,,WA-2025,technopower,technopower,,2025-07-28
AU2025072912081,IG international trading GmbH,,6,,,WA-2025,iginternationaltrading,iginternational,,2025-07-29
AU2025072912082,IG international trading GmbH,,6,,,WA-2025,iginternationaltrading,iginternational,,2025-07-29
AU2025072912083,Jet DP Sp z.o.o,,1,,,WA-2025,jetdp,jetdp,,2025-07-29
AU2025072912084,Trade S.R.O. Számlázási,,2,,,WA-2025,tradesroszmlzsi,onlineshoppingtrade,,2025-07-29
AU2025072912085,IG international trading GmbH,,6,,,WA-2025,iginternationaltrading,iginternational,,2025-07-29
AU2025072912086,Simex D.O.O,,49,,,WA-2025,simexdoo,simexdoo,,2025-07-29
AU2025073012088,Farhan Electronicos Technico,,2,,,WA-2025,farhanelectronicostechnico,farhanelectronicostechnico,,2025-07-30
AU2025073012089,Sefik,,1,,,WA-2025,sefik,sefik,,2025-07-30
AU2025073012090,Lubomir Karwot Outlet AGD,,2,,,WA-2025,lubomirkarwotoutletagd,lubomirkarwotoutletagd,,2025-07-30
AU2025073112091,Emil Ionitescu,,0,,,WA-2025,emilionitescu,emilionitescu,,2025-07-31
AU2025073112092,Hanseatic georgia LLC,,7,,,WA-2025,hanseaticgeorgia,hanseaticgeorgia,,2025-07-31
AU2025073112093,Vieru,,6,,,WA-2025,vieru,vieru,,2025-07-31
AU2025073112094,Soutis Electrics,,11,,,WA-2025,soutiselectrics,soutiselectrics,,2025-07-31
AU2025073112095,Lubomir Karwot Outlet AGD,,1,,,WA-2025,lubomirkarwotoutletagd,lubomirkarwotoutletagd,,2025-07-31
AU2025080112096,SIOKOS DIM.GEORGIOS,,3,,,WA-2025,siokosdimgeorgios,siokosdimgeorgios,,2025-08-01
AU2025080112097,SIOKOS DIM.GEORGIOS,,3,,,WA-2025,siokosdimgeorgios,siokosdimgeorgios,,2025-08-01
AU2025080112099,SUNELECTRO OÜ,,13,,,WA-2025,sunelectro,sunelectro,,2025-08-01
AU2025080412100,IG international trading GmbH,,0,,,WA-2025,iginternationaltrading,iginternational,,2025-08-04
AU2025080412101,IG international trading GmbH,,14,,,WA-2025,iginternationaltrading,iginternational,,2025-08-04
AU2025080412102,IG international trading GmbH,,0,,,WA-2025,iginternationaltrading,iginternational,,2025-08-04
AU2025080412103,Stock House Nikaias,,4,,,WA-2025,stockhousenikaias,stockhousenikaias,,2025-08-04
AU2025080412104,Bastounis Anastasios,,4,,,WA-2025,bastounisanastasios,bastounisanastasios,,2025-08-04
AU2025080412105,Bastounis Anastasios,,4,,,WA-2025,bastounisanastasios,bastounisanastasios,,2025-08-04
AU2025080412106,Stock House Nikaias,,4,,,WA-2025,stockhousenikaias,stockhousenikaias,,2025-08-04
AU2025080412107,Bastounis Anastasios,,4,,,WA-2025,bastounisanastasios,bastounisanastasios,,2025-08-04
AU2025080412108,Hanseatic georgia LLC,,11,,,WA-2025,hanseaticgeorgia,hanseaticgeorgia,,2025-08-04
AU2025080412109,Hanseatic georgia LLC,,4,,,WA-2025,hanseaticgeorgia,hanseaticgeorgia,,2025-08-04
AU2025080412110,Cads Engineering GmbH,,2,,,WA-2025,cadsengineering,cadsengineering,,2025-08-04
AU2025080412112,Outlet Mebeli Ltd,,2,,,WA-2025,outletmebeli,outletmebeli,,2025-08-04
AU2025080512113,Jet DP Sp z.o.o,,1,,,WA-2025,jetdp,jetdp,,2025-08-05
AU2025080512114,GGY Trade s.r.o.,,8,,,WA-2025,ggytradesro,ggytradesro,,2025-08-05
AU2025080512115,Hermans Trading BV,,6,,,WA-2025,hermanstrading,hermanstrading,,2025-08-05
AU2025080512118,Soutis Electrics,,6,,,WA-2025,soutiselectrics,soutiselectrics,,2025-08-05
AU2025080512119,Buy4less GmbH,,1,,,WA-2025,buy4less,buy4less,,2025-08-05
AU2025080612121,Simex D.O.O,,1,,,WA-2025,simexdoo,simexdoo,,2025-08-06
AU2025080612122,Home Discount S.R.L.,,0,,,WA-2025,homediscountsrl,homediscountsrl,,2025-08-06
AU2025080612123,Konstantinos Vasiadis,,1,,,WA-2025,konstantinosvasiadis,konstantinosvasiadis,,2025-08-06
AU2025080612125,ReElectro,,8,,,WA-2025,reelectro,reelectro,,2025-08-06
AU2025080612126,Ovitshop,,6,,,WA-2025,ovitshop,ovitshop,,2025-08-06
AU2025080612127,TECHNO ELECTRONICS 5 Ltd,,2,,,WA-2025,technoelectronics5,technoelectronics5,,2025-08-06
AU2025080612128,IG international trading GmbH,,12,,,WA-2025,iginternationaltrading,iginternational,,2025-08-06
AU2025080712129,NAS ELECTROMENAGER,,4,,,WA-2025,naselectromenager,naselectromenager,,2025-08-07
AU2025080712130,TECHNO ELECTRONICS 5 Ltd,,1,,,WA-2025,technoelectronics5,technoelectronics5,,2025-08-07
AU2025080712131,Logistics Support EOOD,,8,,,WA-2025,logisticssupport,logisticssupport,,2025-08-07
AU2025080712132,Nader Hasan,,4,,,WA-2025,naderhasan,naderhasan,,2025-08-07
AU2025080712133,NAS ELECTROMENAGER,,4,,,WA-2025,naselectromenager,naselectromenager,,2025-08-07
AU2025080812134,NAS ELECTROMENAGER,,3,,,WA-2025,naselectromenager,naselectromenager,,2025-08-08
AU2025080812135,Hermans Trading BV,,3,,,WA-2025,hermanstrading,hermanstrading,,2025-08-08
AU2025080812136,Hermans Trading BV,,3,,,WA-2025,hermanstrading,hermanstrading,,2025-08-08
AU2025080812137,PowerSoft Vertriebs GmbH,,3,,,WA-2025,powersoftvertriebs,powersoftvertriebs,,2025-08-08
AU2025080812138,Nader Hasan,,3,,,WA-2025,naderhasan,naderhasan,,2025-08-08
AU2025080812139,Hermans Trading BV,,13,,,WA-2025,hermanstrading,hermanstrading,,2025-08-08
AU2025080812140,NAS ELECTROMENAGER,,3,,,WA-2025,naselectromenager,naselectromenager,,2025-08-08
AU2025080812141,NAS ELECTROMENAGER,,3,,,WA-2025,naselectromenager,naselectromenager,,2025-08-08
AU2025080812142,Nader Hasan,,32,,,WA-2025,naderhasan,naderhasan,,2025-08-08
AU2025080812143,NAS ELECTROMENAGER,,3,,,WA-2025,naselectromenager,naselectromenager,,2025-08-08
AU2025080812144,Hanseatic georgia LLC,,25,,,WA-2025,hanseaticgeorgia,hanseaticgeorgia,,2025-08-08
AU2025080912146,IG international trading GmbH,,9,,,WA-2025,iginternationaltrading,iginternational,,2025-08-09
AU2025081112148,NAS ELECTROMENAGER,,1,,,WA-2025,naselectromenager,naselectromenager,,2025-08-11
AU2025081112151,Gujjar Begum,,1,,,WA-2025,gujjarbegum,gujjarbegum,,2025-08-11
AU2025081112152,Gujjar Begum,,1,,,WA-2025,gujjarbegum,gujjarbegum,,2025-08-11
AU2025081112154,IG international trading GmbH,,7,,,WA-2025,iginternationaltrading,iginternational,,2025-08-11
AU2025081212155,NAS ELECTROMENAGER,,3,,,WA-2025,naselectromenager,naselectromenager,,2025-08-12
AU2025081212156,Electro B.P. SRL,,36,,,WA-2025,electrobp,electrobp,,2025-08-12
AU2025081212158,Zeyad Hasoo Afdi company,,7,,,WA-2025,zeyadhasooafdicompany,zeyadhasooafdicompany,,2025-08-12
AU2025081212159,Cads Engineering GmbH,,1,,,WA-2025,cadsengineering,cadsengineering,,2025-08-12
AU2025081212160,Rati Marti,,13,,,WA-2025,ratimarti,ratimarti,,2025-08-12
AU2025081212161,Green Loop GmbH,,6,,,WA-2025,greenloop,greenloop,,2025-08-12
AU2025081312164,Oli Outlet Kft.,,6,,,WA-2025,olioutlet,olioutlet,,2025-08-13
AU2025081312165,Zeyad Hasoo Afdi company,,2,,,WA-2025,zeyadhasooafdicompany,zeyadhasooafdicompany,,2025-08-13
AU2025081312166,KD Elektromes S.R.L,,2,,,WA-2025,kdelektromessrl,kdelektromessrl,,2025-08-13
AU2025081312167,Hermans Trading BV,,19,,,WA-2025,hermanstrading,hermanstrading,,2025-08-13
AU2025081312168,Nader Hasan,,7,,,WA-2025,naderhasan,naderhasan,,2025-08-13
AU2025081312169,Nader Hasan,,6,,,WA-2025,naderhasan,naderhasan,,2025-08-13
AU2025081312170,Nader Hasan,,6,,,WA-2025,naderhasan,naderhasan,,2025-08-13
AU2025081312171,Nader Hasan,,6,,,WA-2025,naderhasan,naderhasan,,2025-08-13
AU2025081412172,PUKO Sp z.o.o.,,8,,,WA-2025,puko,puko,,2025-08-14
AU2025081412173,Techno Planet LTD,,6,,,WA-2025,technoplanet,technoplanet,,2025-08-14
AU2025081412174,Elektro Sinizig,,4,,,WA-2025,elektrosinizig,elektrosinizig,,2025-08-14
AU2025081412175,Gujjar Begum,,5,,,WA-2025,gujjarbegum,gujjarbegum,,2025-08-14
AU2025081412176,Elektro Sinizig,,4,,,WA-2025,elektrosinizig,elektrosinizig,,2025-08-14
AU2025081412177,KD Elektromes S.R.L,,1,,,WA-2025,kdelektromessrl,kdelektromessrl,,2025-08-14
AU2025081412179,PUKO Sp z.o.o.,,4,,,WA-2025,puko,puko,,2025-08-14
AU2025081412186,PowerSoft Vertriebs GmbH,,7,,,WA-2025,powersoftvertriebs,powersoftvertriebs,,2025-08-14
AU2025081412187,KD Elektromes S.R.L,,1,,,WA-2025,kdelektromessrl,kdelektromessrl,,2025-08-14
AU2025081412188,AC Service,,11,,,WA-2025,acservice,acservice,,2025-08-14
AU2025081412190,RU Recycling und Umweltdienst GmbH,,1,,,WA-2025,rurecyclingundumweltdienst,rurecyclingundumweltdienst,,2025-08-14
AU2025081512191,NAS ELECTROMENAGER,,0,,,WA-2025,naselectromenager,naselectromenager,,2025-08-15
AU2025081512193,RU Recycling und Umweltdienst GmbH,,0,,,WA-2025,rurecyclingundumweltdienst,rurecyclingundumweltdienst,,2025-08-15
AU2025081512195,Electro B.P. SRL,,33,,,WA-2025,electrobp,electrobp,,2025-08-15
AU2025081512196,SC Interm Grup SRL,,5,,,WA-2025,scintermgrup,scintermgrup,,2025-08-15
AU2025081612197,Gujjar Begum,,3,,,WA-2025,gujjarbegum,gujjarbegum,,2025-08-16
AU2025081712198,IG international trading GmbH,,2,,,WA-2025,iginternationaltrading,iginternational,,2025-08-17
AU2025081812200,MON-LIP ROCK KFT,,4,,,WA-2025,monliprock,monliprock,,2025-08-18
AU2025081812201,Vieru,,1,,,WA-2025,vieru,vieru,,2025-08-18
AU2025081812202,Vieru,,1,,,WA-2025,vieru,vieru,,2025-08-18
AU2025081812204,Vieru,,1,,,WA-2025,vieru,vieru,,2025-08-18
AU2025081812205,Vieru,,1,,,WA-2025,vieru,vieru,,2025-08-18
AU2025081812206,Vieru,,1,,,WA-2025,vieru,vieru,,2025-08-18
AU2025081812207,Vieru,,1,,,WA-2025,vieru,vieru,,2025-08-18
AU2025081912208,Vieru,,2,,,WA-2025,vieru,vieru,,2025-08-19
AU2025081912209,Rati Marti,,10,,,WA-2025,ratimarti,ratimarti,,2025-08-19
AU2025081912210,Vieru,,2,,,WA-2025,vieru,vieru,,2025-08-19
AU2025081912211,IG international trading GmbH,,3,,,WA-2025,iginternationaltrading,iginternational,,2025-08-19
AU2025081912212,Elektro Sinizig,,7,,,WA-2025,elektrosinizig,elektrosinizig,,2025-08-19
AU2025081912213,Vieru,,2,,,WA-2025,vieru,vieru,,2025-08-19
AU2025082012214,Zeyad Hasoo Afdi company,,2,,,WA-2025,zeyadhasooafdicompany,zeyadhasooafdicompany,,2025-08-20
AU2025082012215,Sefik,,15,,,WA-2025,sefik,sefik,,2025-08-20
AU2025082012216,Gujjar Begum,,1,,,WA-2025,gujjarbegum,gujjarbegum,,2025-08-20
AU2025082112217,DEMIANA,,19,,,WA-2025,demiana,demiana,,2025-08-21
AU2025082112218,Rati Marti,,11,,,WA-2025,ratimarti,ratimarti,,2025-08-21
AU2025082112219,IG international trading GmbH,,1,,,WA-2025,iginternationaltrading,iginternational,,2025-08-21
AU2025082112220,Hanseatic georgia LLC,,12,,,WA-2025,hanseaticgeorgia,hanseaticgeorgia,,2025-08-21
AU2025082112221,PowerSoft Vertriebs GmbH,,4,,,WA-2025,powersoftvertriebs,powersoftvertriebs,,2025-08-21
AU2025082212222,Jet DP Sp z.o.o,,20,,,WA-2025,jetdp,jetdp,,2025-08-22
AU2025082212223,Gujjar Begum,,17,,,WA-2025,gujjarbegum,gujjarbegum,,2025-08-22
AU2025082212224,Electro B.P. SRL,,28,,,WA-2025,electrobp,electrobp,,2025-08-22
AU2025082212225,RU Recycling und Umweltdienst GmbH,,10,,,WA-2025,rurecyclingundumweltdienst,rurecyclingundumweltdienst,,2025-08-22
AU2025082212226,KOUTLIANOS NIKOS,,4,,,WA-2025,koutlianosnikos,koutlianosnikos,,2025-08-22
AU2025082212230,KOUTLIANOS NIKOS,,4,,,WA-2025,koutlianosnikos,koutlianosnikos,,2025-08-22
AU2025082412232,IG international trading GmbH,,4,,,WA-2025,iginternationaltrading,iginternational,,2025-08-24
AU2025082512234,Gujjar Begum,,14,,,WA-2025,gujjarbegum,gujjarbegum,,2025-08-25
AU2025082512235,Trade S.R.O. Számlázási,,2,,,WA-2025,tradesroszmlzsi,onlineshoppingtrade,,2025-08-25
AU2025082512236,IG international trading GmbH,,3,,,WA-2025,iginternationaltrading,iginternational,,2025-08-25
AU2025082612237,MON-LIP ROCK KFT,,9,,,WA-2025,monliprock,monliprock,,2025-08-26
AU2025082612238,Gujjar Begum,,13,,,WA-2025,gujjarbegum,gujjarbegum,,2025-08-26
AU2025082612240,L&L Electronics Kft,,9,,,WA-2025,llelectronics,llelectronics,,2025-08-26
AU2025082712241,Hanseatic georgia LLC,,0,,,WA-2025,hanseaticgeorgia,hanseaticgeorgia,,2025-08-27
AU2025082712246,IG international trading GmbH,,1,,,WA-2025,iginternationaltrading,iginternational,,2025-08-27
AU2025082812247,Outlet Simex D.O.O,,1,,,WA-2025,outletsimexdoo,outletsimexdoo,,2025-08-28
AU2025082812248,Outlet Simex D.O.O,,1,,,WA-2025,outletsimexdoo,outletsimexdoo,,2025-08-28
AU2025082912249,PowerSoft Vertriebs GmbH,,0,,,WA-2025,powersoftvertriebs,powersoftvertriebs,,2025-08-29
AU2025082912250,UAB STEVIJA,,11,,,WA-2025,stevija,stevija,,2025-08-29
AU2025082912251,UAB STEVIJA,,11,,,WA-2025,stevija,stevija,,2025-08-29
AU2025082912252,UAB STEVIJA,,11,,,WA-2025,stevija,stevija,,2025-08-29
AU2025082912253,KD Elektromes S.R.L,,3,,,WA-2025,kdelektromessrl,kdelektromessrl,,2025-08-29
AU2025082912254,KD Elektromes S.R.L,,3,,,WA-2025,kdelektromessrl,kdelektromessrl,,2025-08-29
AU2025083012255,Electro B.P. SRL,,18,,,WA-2025,electrobp,electrobp,,2025-08-30
AU2025090112256,Euroda Transport &Handel,,3,,,WA-2025,eurodatransporthandel,eurodatransporthandel,,2025-09-01
AU2025090112257,Buy4less GmbH,,1,,,WA-2025,buy4less,buy4less,,2025-09-01
AU2025090112258,Rati Marti,,1,,,WA-2025,ratimarti,ratimarti,,2025-09-01
AU2025090212260,IG international trading GmbH,,8,,,WA-2025,iginternationaltrading,iginternational,,2025-09-02
AU2025090212261,Jet DP Sp z.o.o,,9,,,WA-2025,jetdp,jetdp,,2025-09-02
AU2025090212262,Gujjar Begum,,6,,,WA-2025,gujjarbegum,gujjarbegum,,2025-09-02
AU2025090212263,IG international trading GmbH,,3,,,WA-2025,iginternationaltrading,iginternational,,2025-09-02
AU2025090212266,L&L Electronics Kft,,2,,,WA-2025,llelectronics,llelectronics,,2025-09-02
AU2025090212267,L&L Electronics Kft,,2,,,WA-2025,llelectronics,llelectronics,,2025-09-02
AU2025090212269,Lubomir Karwot Outlet AGD,,1,,,WA-2025,lubomirkarwotoutletagd,lubomirkarwotoutletagd,,2025-09-02
AU2025090212270,Electro B.P. SRL,,14,,,WA-2025,electrobp,electrobp,,2025-09-02
AU2025090212271,Gujjar Begum,,6,,,WA-2025,gujjarbegum,gujjarbegum,,2025-09-02
AU2025090212272,Gujjar Begum,,6,,,WA-2025,gujjarbegum,gujjarbegum,,2025-09-02
AU2025090212273,Roland Rottler Elektro,,3,,,WA-2025,rolandrottlerelektro,rolandrottlerelektro,,2025-09-02
AU2025090312274,IG international trading GmbH,,2,,,WA-2025,iginternationaltrading,iginternational,,2025-09-03
AU2025090312275,IG international trading GmbH,,2,,,WA-2025,iginternationaltrading,iginternational,,2025-09-03
AU2025090312276,Elektro Sinizig,,22,,,WA-2025,elektrosinizig,elektrosinizig,,2025-09-03
AU2025090312277,Elektro Sinizig,,22,,,WA-2025,elektrosinizig,elektrosinizig,,2025-09-03
AU2025090312278,Gujjar Begum,,5,,,WA-2025,gujjarbegum,gujjarbegum,,2025-09-03
AU2025090312279,IG international trading GmbH,,2,,,WA-2025,iginternationaltrading,iginternational,,2025-09-03
AU2025090312281,SC Interm Grup SRL,,2,,,WA-2025,scintermgrup,scintermgrup,,2025-09-03
AU2025090312282,SC Interm Grup SRL,,2,,,WA-2025,scintermgrup,scintermgrup,,2025-09-03
AU2025090312283,Hanseatic georgia LLC,,8,,,WA-2025,hanseaticgeorgia,hanseaticgeorgia,,2025-09-03
AU2025090312284,Gujjar Begum,,5,,,WA-2025,gujjarbegum,gujjarbegum,,2025-09-03
AU2025090412285,Jet DP Sp z.o.o,,7,,,WA-2025,jetdp,jetdp,,2025-09-04
AU2025090412286,PowerSoft Vertriebs GmbH,,4,,,WA-2025,powersoftvertriebs,powersoftvertriebs,,2025-09-04
AU2025090412287,Gujjar Begum,,4,,,WA-2025,gujjarbegum,gujjarbegum,,2025-09-04
AU2025090412288,Gujjar Begum,,4,,,WA-2025,gujjarbegum,gujjarbegum,,2025-09-04
AU2025090412289,Buy24,,4,,,WA-2025,buy24,buy24,,2025-09-04
AU2025090412290,Stefanie Schopp,,6,,,WA-2025,stefanieschopp,stefanieschopp,,2025-09-04
AU2025090412291,Outlet Mebeli Ltd,,4,,,WA-2025,outletmebeli,outletmebeli,,2025-09-04
AU2025090412292,SC Interm Grup SRL,,1,,,WA-2025,scintermgrup,scintermgrup,,2025-09-04
AU2025090412297,Gujjar Begum,,4,,,WA-2025,gujjarbegum,gujjarbegum,,2025-09-04
AU2025090412299,Nader Hasan,,19,,,WA-2025,naderhasan,naderhasan,,2025-09-04
AU2025090412300,Luna Umzug,,12,,,WA-2025,lunaumzug,lunaumzug,,2025-09-04
AU2025090412301,Luna Umzug,,12,,,WA-2025,lunaumzug,lunaumzug,,2025-09-04
AU2025090812302,Bastounis Anastasios,,1,,,WA-2025,bastounisanastasios,bastounisanastasios,,2025-09-08
AU2025090812303,Noureddin Alasas,,9,,,WA-2025,noureddinalasas,noureddinalasas,,2025-09-08
AU2025090812304,IG international trading GmbH,,2,,,WA-2025,iginternationaltrading,iginternational,,2025-09-08
AU2025090812305,TECHNO ELECTRONICS 5 Ltd,,0,,,WA-2025,technoelectronics5,technoelectronics5,,2025-09-08
AU2025090812306,Simex D.O.O,,2,,,WA-2025,simexdoo,simexdoo,,2025-09-08
AU2025090812307,IG international trading GmbH,,2,,,WA-2025,iginternationaltrading,iginternational,,2025-09-08
AU2025090812308,Hanseatic georgia LLC,,3,,,WA-2025,hanseaticgeorgia,hanseaticgeorgia,,2025-09-08
AU2025090812309,UAB Portana,,2,,,WA-2025,portana,portana,,2025-09-08
AU2025090812310,UAB Portana,,1,,,WA-2025,portana,portana,,2025-09-08
AU2025090812311,Hermans Trading BV,,14,,,WA-2025,hermanstrading,hermanstrading,,2025-09-08
AU2025090812312,Nader Hasan,,4,,,WA-2025,naderhasan,naderhasan,,2025-09-08
AU2025090812313,UAB Portana,,1,,,WA-2025,portana,portana,,2025-09-08
AU2025090812314,IG international trading GmbH,,2,,,WA-2025,iginternationaltrading,iginternational,,2025-09-08
AU2025090812316,Todo Cash,,4,,,WA-2025,todocash,todocash,,2025-09-08
AU2025090812317,Bastounis Anastasios,,1,,,WA-2025,bastounisanastasios,bastounisanastasios,,2025-09-08
AU2025090812318,IG international trading GmbH,,2,,,WA-2025,iginternationaltrading,iginternational,,2025-09-08
AU2025090812319,Triantafilliana  Nikoletou,,3,,,WA-2025,triantafilliananikoletou,triantafilliananikoletou,,2025-09-08
AU2025090912320,Triantafilliana  Nikoletou,,2,,,WA-2025,triantafilliananikoletou,triantafilliananikoletou,,2025-09-09
AU2025090912323,Alinklizi Almuntaser Billah,,3,,,WA-2025,alinklizialmuntaserbillah,alinklizialmuntaserbillah,,2025-09-09
AU2025090912324,AMY Witgoed,,1,,,WA-2025,amywitgoed,amywitgoed,,2025-09-09
AU2025090912325,Noureddin Alasas,,8,,,WA-2025,noureddinalasas,noureddinalasas,,2025-09-09
AU2025090912327,Todo Cash,,3,,,WA-2025,todocash,todocash,,2025-09-09
AU2025091012328,Todo Cash,,2,,,WA-2025,todocash,todocash,,2025-09-10
AU2025091012329,Jet DP Sp z.o.o,,1,,,WA-2025,jetdp,jetdp,,2025-09-10
AU2025091012330,Electro B.P. SRL,,6,,,WA-2025,electrobp,electrobp,,2025-09-10
AU2025091012332,Outlet Simex D.O.O,,1,,,WA-2025,outletsimexdoo,outletsimexdoo,,2025-09-10
AU2025091012333,Outlet Simex D.O.O,,1,,,WA-2025,outletsimexdoo,outletsimexdoo,,2025-09-10
AU2025091012334,Deland Ltd EOOD,,13,,,WA-2025,deland,deland,,2025-09-10
AU2025091012335,Deland Ltd EOOD,,12,,,WA-2025,deland,deland,,2025-09-10
AU2025091012337,IG international trading GmbH,,2,,,WA-2025,iginternationaltrading,iginternational,,2025-09-10
AU2025091012338,IG international trading GmbH,,2,,,WA-2025,iginternationaltrading,iginternational,,2025-09-10
AU2025091012340,Electro B.P. SRL,,7,,,WA-2025,electrobp,electrobp,,2025-09-10
AU2025091012341,Electro B.P. SRL,,7,,,WA-2025,electrobp,electrobp,,2025-09-10
AU2025091012342,Electro B.P. SRL,,7,,,WA-2025,electrobp,electrobp,,2025-09-10
AU2025091012343,Electro B.P. SRL,,7,,,WA-2025,electrobp,electrobp,,2025-09-10
AU2025091112347,Soutis Electrics,,0,,,WA-2025,soutiselectrics,soutiselectrics,,2025-09-11
AU2025091112348,Banat Electrocasnice S.R.L.,,25,,,WA-2025,banatelectrocasnicesrl,banatelectrocasnicesrl,,2025-09-11
AU2025091112349,Enterijer D.O.O.,,4,,,WA-2025,enterijerdoo,enterijerdoo,,2025-09-11
AU2025091112350,Karakitsos Stock House IKE,,5,,,WA-2025,karakitsosstockhouse,karakitsosstockhouse,,2025-09-11
AU2025091112351,Karakitsos Stock House IKE,,5,,,WA-2025,karakitsosstockhouse,karakitsosstockhouse,,2025-09-11
AU2025091112352,Karakitsos Stock House IKE,,4,,,WA-2025,karakitsosstockhouse,karakitsosstockhouse,,2025-09-11
AU2025091112353,Karakitsos Stock House IKE,,5,,,WA-2025,karakitsosstockhouse,karakitsosstockhouse,,2025-09-11
AU2025091112354,IG international trading GmbH,,4,,,WA-2025,iginternationaltrading,iginternational,,2025-09-11
AU2025091112355,Nader Hasan,,20,,,WA-2025,naderhasan,naderhasan,,2025-09-11
AU2025091112356,Enno Kundendienst,,6,,,WA-2025,ennokundendienst,ennokundendienst,,2025-09-11
AU2025091112357,Enno Kundendienst,,6,,,WA-2025,ennokundendienst,ennokundendienst,,2025-09-11
AU2025091212358,PowerSoft Vertriebs GmbH,,3,,,WA-2025,powersoftvertriebs,powersoftvertriebs,,2025-09-12
AU2025091212359,Jet DP Sp z.o.o,,0,,,WA-2025,jetdp,jetdp,,2025-09-12
AU2025091512362,Simex D.O.O,,1,,,WA-2025,simexdoo,simexdoo,,2025-09-15
AU2025091512363,Outlet Simex D.O.O,,0,,,WA-2025,outletsimexdoo,outletsimexdoo,,2025-09-15
AU2025091512364,Enno Kundendienst,,2,,,WA-2025,ennokundendienst,ennokundendienst,,2025-09-15
AU2025091512365,Egzoni Sh.P.K,,7,,,WA-2025,egzonishpk,egzonishpk,,2025-09-15
AU2025091512366,Sefik,,3,,,WA-2025,sefik,sefik,,2025-09-15
AU2025091512367,Hanseatic georgia LLC,,15,,,WA-2025,hanseaticgeorgia,hanseaticgeorgia,,2025-09-15
AU2025091512368,Trade S.R.O. Számlázási,,15,,,WA-2025,tradesroszmlzsi,onlineshoppingtrade,,2025-09-15
AU2025091512369,UAB Portana,,0,,,WA-2025,portana,portana,,2025-09-15
AU2025091512370,UAB Portana,,0,,,WA-2025,portana,portana,,2025-09-15
AU2025091512371,Blenq BV,,3,,,WA-2025,blenq,blenq,,2025-09-15
AU2025091512372,Blenq BV,,4,,,WA-2025,blenq,blenq,,2025-09-15
AU2025091512373,Hermans Trading BV,,7,,,WA-2025,hermanstrading,hermanstrading,,2025-09-15
AU2025091612374,Sefik,,2,,,WA-2025,sefik,sefik,,2025-09-16
AU2025091612375,IG international trading GmbH,,2,,,WA-2025,iginternationaltrading,iginternational,,2025-09-16
AU2025091612377,Nagy Szabolcs Bela,,2,,,WA-2025,nagyszabolcsbela,nagyszabolcsbela,,2025-09-16
AU2025091612378,GLOBAL LIQUIDACIONES SL,,2,,,WA-2025,globalliquidaciones,globalliquidaciones,,2025-09-16
AU2025091612380,GLOBAL LIQUIDACIONES SL,,2,,,WA-2025,globalliquidaciones,globalliquidaciones,,2025-09-16
AU2025091612381,GLOBAL LIQUIDACIONES SL,,2,,,WA-2025,globalliquidaciones,globalliquidaciones,,2025-09-16
AU2025091612382,GLOBAL LIQUIDACIONES SL,,2,,,WA-2025,globalliquidaciones,globalliquidaciones,,2025-09-16
AU2025091612383,IG international trading GmbH,,2,,,WA-2025,iginternationaltrading,iginternational,,2025-09-16
AU2025091612384,Ados Witgoed,,6,,,WA-2025,adoswitgoed,adoswitgoed,,2025-09-16
AU2025091712385,Karakitsos Stock House IKE,,9,,,WA-2025,karakitsosstockhouse,karakitsosstockhouse,,2025-09-17
AU2025091712386,Ados Witgoed,,5,,,WA-2025,adoswitgoed,adoswitgoed,,2025-09-17
AU2025091712390,Elektro Sinizig,,8,,,WA-2025,elektrosinizig,elektrosinizig,,2025-09-17
AU2025091712391,IG international trading GmbH,,1,,,WA-2025,iginternationaltrading,iginternational,,2025-09-17
AU2025091712392,IG international trading GmbH,,1,,,WA-2025,iginternationaltrading,iginternational,,2025-09-17
AU2025091812393,RU Recycling und Umweltdienst GmbH,,6,,,WA-2025,rurecyclingundumweltdienst,rurecyclingundumweltdienst,,2025-09-18
AU2025091812396,Hermans Trading BV,,4,,,WA-2025,hermanstrading,hermanstrading,,2025-09-18
AU2025091812399,Nader Hasan,,5,,,WA-2025,naderhasan,naderhasan,,2025-09-18
AU2025091812400,PowerSoft Vertriebs GmbH,,1,,,WA-2025,powersoftvertriebs,powersoftvertriebs,,2025-09-18
AU2025091812401,GLOBAL LIQUIDACIONES SL,,6,,,WA-2025,globalliquidaciones,globalliquidaciones,,2025-09-18
AU2025091912402,Outlet Mebeli Ltd,,5,,,WA-2025,outletmebeli,outletmebeli,,2025-09-19
AU2025091912403,L&L Electronics Kft,,4,,,WA-2025,llelectronics,llelectronics,,2025-09-19
AU2025091912404,L&L Electronics Kft,,4,,,WA-2025,llelectronics,llelectronics,,2025-09-19
AU2025091912405,L&L Electronics Kft,,4,,,WA-2025,llelectronics,llelectronics,,2025-09-19
AU2025091912406,IG international trading GmbH,,0,,,WA-2025,iginternationaltrading,iginternational,,2025-09-19
AU2025091912407,IG international trading GmbH,,0,,,WA-2025,iginternationaltrading,iginternational,,2025-09-19
AU2025091912408,Elektro Sinizig,,6,,,WA-2025,elektrosinizig,elektrosinizig,,2025-09-19
AU2025091912409,L&L Electronics Kft,,4,,,WA-2025,llelectronics,llelectronics,,2025-09-19
AU2025091912413,Hanseatic georgia LLC,,11,,,WA-2025,hanseaticgeorgia,hanseaticgeorgia,,2025-09-19
AU2025092212415,TECHNO ELECTRONICS 5 Ltd,,4,,,WA-2025,technoelectronics5,technoelectronics5,,2025-09-22
AU2025092212416,Emporia antalaktikon-Ilektrikon syskeuon,,0,,,WA-2025,emporiaantalaktikonilektrikonsyskeuon,emporiaantalaktikon,,2025-09-22
AU2025092212417,Nagy Szabolcs Bela,,1,,,WA-2025,nagyszabolcsbela,nagyszabolcsbela,,2025-09-22
AU2025092212419,IG international trading GmbH,,2,,,WA-2025,iginternationaltrading,iginternational,,2025-09-22
AU2025092212420,IG international trading GmbH,,2,,,WA-2025,iginternationaltrading,iginternational,,2025-09-22
AU2025092212423,AMY Witgoed,,1,,,WA-2025,amywitgoed,amywitgoed,,2025-09-22
AU2025092212424,Trade S.R.O. Számlázási,,8,,,WA-2025,tradesroszmlzsi,onlineshoppingtrade,,2025-09-22
AU2025092312426,Electro B.P. SRL,,30,,,WA-2025,electrobp,electrobp,,2025-09-23
AU2025092312428,IG international trading GmbH,,1,,,WA-2025,iginternationaltrading,iginternational,,2025-09-23
AU2025092312429,UAB STEVIJA,,15,,,WA-2025,stevija,stevija,,2025-09-23
AU2025092312430,Trade S.R.O. Számlázási,,7,,,WA-2025,tradesroszmlzsi,onlineshoppingtrade,,2025-09-23
AU2025092412431,Egzoni Sh.P.K,,0,,,WA-2025,egzonishpk,egzonishpk,,2025-09-24
AU2025092412432,AMY Witgoed,,1,,,WA-2025,amywitgoed,amywitgoed,,2025-09-24
AU2025092412433,NAS ELECTROMENAGER,,5,,,WA-2025,naselectromenager,naselectromenager,,2025-09-24
AU2025092412434,PowerSoft Vertriebs GmbH,,6,,,WA-2025,powersoftvertriebs,powersoftvertriebs,,2025-09-24
AU2025092412435,V&A Tehimpex SRL,,7,,,WA-2025,vatehimpex,vatehimpex,,2025-09-24
AU2025092412436,IG international trading GmbH,,1,,,WA-2025,iginternationaltrading,iginternational,,2025-09-24
AU2025092412437,Nader Hasan,,2,,,WA-2025,naderhasan,naderhasan,,2025-09-24
AU2025092412438,V&A Tehimpex SRL,,7,,,WA-2025,vatehimpex,vatehimpex,,2025-09-24
AU2025092412439,TECHNO ELECTRONICS 5 Ltd,,2,,,WA-2025,technoelectronics5,technoelectronics5,,2025-09-24
AU2025092412440,V&A Tehimpex SRL,,7,,,WA-2025,vatehimpex,vatehimpex,,2025-09-24
AU2025092412441,V&A Tehimpex SRL,,7,,,WA-2025,vatehimpex,vatehimpex,,2025-09-24
AU2025092412442,IG international trading GmbH,,1,,,WA-2025,iginternationaltrading,iginternational,,2025-09-24
AU2025092412443,IG international trading GmbH,,1,,,WA-2025,iginternationaltrading,iginternational,,2025-09-24
AU2025092412444,KOUTLIANOS NIKOS,,5,,,WA-2025,koutlianosnikos,koutlianosnikos,,2025-09-24
AU2025092412445,AC Service,,6,,,WA-2025,acservice,acservice,,2025-09-24
AU2025092412446,V&A Tehimpex SRL,,7,,,WA-2025,vatehimpex,vatehimpex,,2025-09-24
AU2025092412447,RU Recycling und Umweltdienst GmbH,,1,,,WA-2025,rurecyclingundumweltdienst,rurecyclingundumweltdienst,,2025-09-24
AU2025092412448,UAB STEVIJA,,14,,,WA-2025,stevija,stevija,,2025-09-24
AU2025092412449,NAS ELECTROMENAGER,,5,,,WA-2025,naselectromenager,naselectromenager,,2025-09-24
AU2025092512450,AC Service,,5,,,WA-2025,acservice,acservice,,2025-09-25
AU2025092512451,GLOBAL LIQUIDACIONES SL,,0,,,WA-2025,globalliquidaciones,globalliquidaciones,,2025-09-25
AU2025092512452,IG international trading GmbH,,0,,,WA-2025,iginternationaltrading,iginternational,,2025-09-25
AU2025092512453,Electro B.P. SRL,,29,,,WA-2025,electrobp,electrobp,,2025-09-25
AU2025092512454,KOUTLIANOS NIKOS,,4,,,WA-2025,koutlianosnikos,koutlianosnikos,,2025-09-25
AU2025092512455,RU Recycling und Umweltdienst GmbH,,1,,,WA-2025,rurecyclingundumweltdienst,rurecyclingundumweltdienst,,2025-09-25
AU2025092512457,NAS ELECTROMENAGER,,4,,,WA-2025,naselectromenager,naselectromenager,,2025-09-25
AU2025092512459,Neuware,,1,,,WA-2025,neuware,neuware,,2025-09-25
AU2025092512460,Nader Hasan,,6,,,WA-2025,naderhasan,naderhasan,,2025-09-25
AU2025092512461,NAS ELECTROMENAGER,,5,,,WA-2025,naselectromenager,naselectromenager,,2025-09-25
AU2025092512462,V&A Tehimpex SRL,,6,,,WA-2025,vatehimpex,vatehimpex,,2025-09-25
AU2025092612463,Hanseatic georgia LLC,,4,,,WA-2025,hanseaticgeorgia,hanseaticgeorgia,,2025-09-26
AU2025092612465,V&A Tehimpex SRL,,5,,,WA-2025,vatehimpex,vatehimpex,,2025-09-26
AU2025092612466,Buy4less GmbH,,5,,,WA-2025,buy4less,buy4less,,2025-09-26
AU2025092612468,Hanseatic georgia LLC,,4,,,WA-2025,hanseaticgeorgia,hanseaticgeorgia,,2025-09-26
AU2025092612469,UAB STEVIJA,,12,,,WA-2025,stevija,stevija,,2025-09-26
AU2025092612470,NAS ELECTROMENAGER,,4,,,WA-2025,naselectromenager,naselectromenager,,2025-09-26
AU2025092812472,NAS ELECTROMENAGER,,2,,,WA-2025,naselectromenager,naselectromenager,,2025-09-28
AU2025092912473,ELECTRO BALKAN DI BOJANIC ZELJKO,,8,,,WA-2025,electrobalkandibojaniczeljko,electrobalkan,,2025-09-29
AU2025092912474,ELECTRO BALKAN DI BOJANIC ZELJKO,,8,,,WA-2025,electrobalkandibojaniczeljko,electrobalkan,,2025-09-29
AU2025092912475,ELECTRO BALKAN DI BOJANIC ZELJKO,,8,,,WA-2025,electrobalkandibojaniczeljko,electrobalkan,,2025-09-29
AU2025092912513,Hanseatic georgia LLC,,8,,,WA-2025,hanseaticgeorgia,hanseaticgeorgia,,2025-09-29
AU2025092912514,Hanseatic georgia LLC,,8,,,WA-2025,hanseaticgeorgia,hanseaticgeorgia,,2025-09-29
AU2025092912515,IG international trading GmbH,,10,,,WA-2025,iginternationaltrading,iginternational,,2025-09-29
AU2025092912516,NAS ELECTROMENAGER,,1,,,WA-2025,naselectromenager,naselectromenager,,2025-09-29
AU2025092912517,UAB STEVIJA,,9,,,WA-2025,stevija,stevija,,2025-09-29
AU2025092912518,IG international trading GmbH,,10,,,WA-2025,iginternationaltrading,iginternational,,2025-09-29
AU2025092912519,IG international trading GmbH,,10,,,WA-2025,iginternationaltrading,iginternational,,2025-09-29
AU2025093012521,RU Recycling und Umweltdienst GmbH,,2,,,WA-2025,rurecyclingundumweltdienst,rurecyclingundumweltdienst,,2025-09-30
AU2025093012529,IG international trading GmbH,,9,,,WA-2025,iginternationaltrading,iginternational,,2025-09-30
AU2025100112531,IG international trading GmbH,,8,,,WA-2025,iginternationaltrading,iginternational,,2025-10-01
AU2025100112533,SADI,,1,,,WA-2025,sadi,sadi,,2025-10-01
AU2025100112534,SADI,,1,,,WA-2025,sadi,sadi,,2025-10-01
AU2025100112535,PowerSoft Vertriebs GmbH,,1,,,WA-2025,powersoftvertriebs,powersoftvertriebs,,2025-10-01
AU2025100112536,NAS ELECTROMENAGER,,0,,,WA-2025,naselectromenager,naselectromenager,,2025-10-01
AU2025100112537,Nikokira Outlet,,0,,,WA-2025,nikokiraoutlet,nikokiraoutlet,,2025-10-01
AU2025100212545,Hanseatic georgia LLC,,14,,,WA-2025,hanseaticgeorgia,hanseaticgeorgia,,2025-10-02
AU2025100212547,SADI,,0,,,WA-2025,sadi,sadi,,2025-10-02
AU2025100212550,Outlet Simex D.O.O,,4,,,WA-2025,outletsimexdoo,outletsimexdoo,,2025-10-02
AU2025100212551,SADI,,6,,,WA-2025,sadi,sadi,,2025-10-02
AU2025100312553,Johann Wuksta,,7,,,WA-2025,johannwuksta,johannwuksta,,2025-10-03
AU2025100312554,ELECTRO BALKAN DI BOJANIC ZELJKO,,4,,,WA-2025,electrobalkandibojaniczeljko,electrobalkan,,2025-10-03
AU2025100412555,UAB STEVIJA,,4,,,WA-2025,stevija,stevija,,2025-10-04
AU2025100512556,Bastounis Anastasios,,10,,,WA-2025,bastounisanastasios,bastounisanastasios,,2025-10-05
AU2025100512557,Bastounis Anastasios,,10,,,WA-2025,bastounisanastasios,bastounisanastasios,,2025-10-05
AU2025100612558,ELECTRO BALKAN DI BOJANIC ZELJKO,,1,,,WA-2025,electrobalkandibojaniczeljko,electrobalkan,,2025-10-06
AU2025100612559,Ovitshop,,0,,,WA-2025,ovitshop,ovitshop,,2025-10-06
AU2025100612560,IG international trading GmbH,,3,,,WA-2025,iginternationaltrading,iginternational,,2025-10-06
AU2025100612561,Ovitshop,,0,,,WA-2025,ovitshop,ovitshop,,2025-10-06
AU2025100612575,UAB STEVIJA,,2,,,WA-2025,stevija,stevija,,2025-10-06
AU2025100612576,V&A Tehimpex SRL,,3,,,WA-2025,vatehimpex,vatehimpex,,2025-10-06
AU2025100612577,Enterijer D.O.O.,,14,,,WA-2025,enterijerdoo,enterijerdoo,,2025-10-06
AU2025100612578,Enterijer D.O.O.,,3,,,WA-2025,enterijerdoo,enterijerdoo,,2025-10-06
AU2025100612579,IG international trading GmbH,,4,,,WA-2025,iginternationaltrading,iginternational,,2025-10-06
AU2025100612580,Enterijer D.O.O.,,3,,,WA-2025,enterijerdoo,enterijerdoo,,2025-10-06
AU2025100612582,Cads Engineering GmbH,,2,,,WA-2025,cadsengineering,cadsengineering,,2025-10-06
AU2025100612584,Cads Engineering GmbH,,2,,,WA-2025,cadsengineering,cadsengineering,,2025-10-06
AU2025100712585,RU Recycling und Umweltdienst GmbH,,2,,,WA-2025,rurecyclingundumweltdienst,rurecyclingundumweltdienst,,2025-10-07
AU2025100712586,RU Recycling und Umweltdienst GmbH,,2,,,WA-2025,rurecyclingundumweltdienst,rurecyclingundumweltdienst,,2025-10-07
AU2025100712587,PowerSoft Vertriebs GmbH,,1,,,WA-2025,powersoftvertriebs,powersoftvertriebs,,2025-10-07
AU2025100712588,PowerSoft Vertriebs GmbH,,1,,,WA-2025,powersoftvertriebs,powersoftvertriebs,,2025-10-07
AU2025100712589,Enterijer D.O.O.,,2,,,WA-2025,enterijerdoo,enterijerdoo,,2025-10-07
AU2025100712590,IG international trading GmbH,,2,,,WA-2025,iginternationaltrading,iginternational,,2025-10-07
AU2025100712592,UAB Portana,,24,,,WA-2025,portana,portana,,2025-10-07
AU2025100712594,SUNELECTRO OÜ,,21,,,WA-2025,sunelectro,sunelectro,,2025-10-07
AU2025100712595,Hermans Trading BV,,23,,,WA-2025,hermanstrading,hermanstrading,,2025-10-07
AU2025100812596,IG international trading GmbH,,1,,,WA-2025,iginternationaltrading,iginternational,,2025-10-08
AU2025100812597,IG international trading GmbH,,2,,,WA-2025,iginternationaltrading,iginternational,,2025-10-08
AU2025100812599,AGILA,,6,,,WA-2025,agila,agila,,2025-10-08
AU2025100912603,Hermans Trading BV,,4,,,WA-2025,hermanstrading,hermanstrading,,2025-10-09
AU2025100912604,IG international trading GmbH,,1,,,WA-2025,iginternationaltrading,iginternational,,2025-10-09
AU2025100912610,Diamantis Arntian,,0,,,WA-2025,diamantisarntian,diamantisarntian,,2025-10-09
AU2025100912611,Shopify) Brennstoffe und mehr!,,1,,,WA-2025,shopifybrennstoffeundmehr,shopifybrennstoffeundmehr,,2025-10-09
AU2025100912612,Lubo Ulman,,14,,,WA-2025,luboulman,luboulman,,2025-10-09
AU2025100912623,Hermans Trading BV,,20,,,WA-2025,hermanstrading,hermanstrading,,2025-10-09
AU2025100912624,Green Loop GmbH,,4,,,WA-2025,greenloop,greenloop,,2025-10-09
AU2025101012625,ELECTRO BALKAN DI BOJANIC ZELJKO,,3,,,WA-2025,electrobalkandibojaniczeljko,electrobalkan,,2025-10-10
AU2025101012626,Hermans Trading BV,,3,,,WA-2025,hermanstrading,hermanstrading,,2025-10-10
AU2025101012629,RU Recycling und Umweltdienst GmbH,,3,,,WA-2025,rurecyclingundumweltdienst,rurecyclingundumweltdienst,,2025-10-10
AU2025101012630,RU Recycling und Umweltdienst GmbH,,3,,,WA-2025,rurecyclingundumweltdienst,rurecyclingundumweltdienst,,2025-10-10
AU2025101012631,Hanseatic georgia LLC,,24,,,WA-2025,hanseaticgeorgia,hanseaticgeorgia,,2025-10-10
AU2025101312645,Enterijer D.O.O.,,1,,,WA-2025,enterijerdoo,enterijerdoo,,2025-10-13
AU2025101312646,Trade S.R.O. Számlázási,,9,,,WA-2025,tradesroszmlzsi,onlineshoppingtrade,,2025-10-13
AU2025101312647,Yes Global EOOD,,2,,,WA-2025,yesglobal,yesglobal,,2025-10-13
AU2025101312648,Jet DP Sp z.o.o,,24,,,WA-2025,jetdp,jetdp,,2025-10-13
AU2025101312652,AGILA,,1,,,WA-2025,agila,agila,,2025-10-13
AU2025101312653,SC Interm Grup SRL,,2,,,WA-2025,scintermgrup,scintermgrup,,2025-10-13
AU2025101412655,Enterijer D.O.O.,,1,,,WA-2025,enterijerdoo,enterijerdoo,,2025-10-14
AU2025101412656,Enterijer D.O.O.,,0,,,WA-2025,enterijerdoo,enterijerdoo,,2025-10-14
AU2025101412657,Bastounis Anastasios,,6,,,WA-2025,bastounisanastasios,bastounisanastasios,,2025-10-14
AU2025101412658,Bastounis Anastasios,,1,,,WA-2025,bastounisanastasios,bastounisanastasios,,2025-10-14
AU2025101412659,Almost New LTD,,2,,,WA-2025,almostnew,almostnew,,2025-10-14
AU2025101612681,Hanseatic georgia LLC,,0,,,WA-2025,hanseaticgeorgia,hanseaticgeorgia,,2025-10-16
AU2025101612682,Hermans Trading BV,,8,,,WA-2025,hermanstrading,hermanstrading,,2025-10-16
AU2025101612683,Hanseatic georgia LLC,,11,,,WA-2025,hanseaticgeorgia,hanseaticgeorgia,,2025-10-16
AU2025101712691,PUKO Sp z.o.o.,,6,,,WA-2025,puko,puko,,2025-10-17
AU2025101712693,KAJTEK Patrycja Minkina,,4,,,WA-2025,kajtekpatrycjaminkina,kajtekpatrycjaminkina,,2025-10-17
AU2025101712694,Trade S.R.O. Számlázási,,6,,,WA-2025,tradesroszmlzsi,onlineshoppingtrade,,2025-10-17
AU2025102012695,Simex D.O.O,,2,,,WA-2025,simexdoo,simexdoo,,2025-10-20
AU2025102012698,KAJTEK Patrycja Minkina,,4,,,WA-2025,kajtekpatrycjaminkina,kajtekpatrycjaminkina,,2025-10-20
AU2025102012699,KAJTEK Patrycja Minkina,,4,,,WA-2025,kajtekpatrycjaminkina,kajtekpatrycjaminkina,,2025-10-20
AU2025102012700,Shopify,,1,,,WA-2025,shopify,shopify,,2025-10-20
AU2025102012714,IG international trading GmbH,,15,,,WA-2025,iginternationaltrading,iginternational,,2025-10-20
AU2025102012716,TECHNO ELECTRONICS 5 Ltd,,2,,,WA-2025,technoelectronics5,technoelectronics5,,2025-10-20
AU2025102112717,ELECTRO BALKAN DI BOJANIC ZELJKO,,2,,,WA-2025,electrobalkandibojaniczeljko,electrobalkan,,2025-10-21
AU2025102112725,Enterijer D.O.O.,,2,,,WA-2025,enterijerdoo,enterijerdoo,,2025-10-21
AU2025102112728,UAB STEVIJA,,0,,,WA-2025,stevija,stevija,,2025-10-21
AU2025102212730,Othman Hasan,,2,,,WA-2025,othmanhasan,othmanhasan,,2025-10-22
AU2025102212731,Cads Engineering GmbH,,1,,,WA-2025,cadsengineering,cadsengineering,,2025-10-22
AU2025102212735,Bastounis Anastasios,,2,,,WA-2025,bastounisanastasios,bastounisanastasios,,2025-10-22
AU2025102312738,Electro B.P. SRL,,1,,,WA-2025,electrobp,electrobp,,2025-10-23
AU2025102312739,TECHNO ELECTRONICS 5 Ltd,,1,,,WA-2025,technoelectronics5,technoelectronics5,,2025-10-23
AU2025102312740,Soutis Electrics,,4,,,WA-2025,soutiselectrics,soutiselectrics,,2025-10-23
AU2025102412746,Marketvibe Srl,,3,,,WA-2025,marketvibe,marketvibe,,2025-10-24
AU2025102412747,Ya-Sec Handel GmbH,,5,,,WA-2025,yasechandel,yasechandel,,2025-10-24
AU2025102412748,Electro B.P. SRL,,13,,,WA-2025,electrobp,electrobp,,2025-10-24
AU2025102412749,Yes Global EOOD,,10,,,WA-2025,yesglobal,yesglobal,,2025-10-24
AU2025102712750,Hermans Trading BV,,2,,,WA-2025,hermanstrading,hermanstrading,,2025-10-27
AU2025102712771,Buy4less GmbH,,2,,,WA-2025,buy4less,buy4less,,2025-10-27
AU2025102812772,Rati Marti,,3,,,WA-2025,ratimarti,ratimarti,,2025-10-28
AU2025102812779,NAS ELECTROMENAGER,,31,,,WA-2025,naselectromenager,naselectromenager,,2025-10-28
AU2025102812780,Neuware,,1,,,WA-2025,neuware,neuware,,2025-10-28
AU2025102912782,UAB STEVIJA,,19,,,WA-2025,stevija,stevija,,2025-10-29
AU2025102912793,TP-Resale,,1,,,WA-2025,tpresale,tpresale,,2025-10-29
AU2025102912800,IG international trading GmbH,,2,,,WA-2025,iginternationaltrading,iginternational,,2025-10-29
AU2025102912804,Outlet Loket,,13,,,WA-2025,outletloket,outletloket,,2025-10-29
AU2025102912805,UAB Portana,,2,,,WA-2025,portana,portana,,2025-10-29
AU2025103012810,SC Interm Grup SRL,,0,,,WA-2025,scintermgrup,scintermgrup,,2025-10-30
AU2025103012811,Die Kirschbohne UGmbH,,1,,,WA-2025,diekirschbohneugmbh,diekirschbohneugmbh,,2025-10-30
AU2025103012815,Outlet Simex D.O.O,,1,,,WA-2025,outletsimexdoo,outletsimexdoo,,2025-10-30
AU2025103012820,I.I Emomov Artur,,15,,,WA-2025,iiemomovartur,iiemomovartur,,2025-10-30
AU2025103112827,Amm GmbH & Co KG Spedition,,0,,,WA-2025,ammcospedition,ammcospedition,,2025-10-31
AU2025103112828,Outlet Simex D.O.O,,13,,,WA-2025,outletsimexdoo,outletsimexdoo,,2025-10-31
AU2025103112829,Simex D.O.O,,13,,,WA-2025,simexdoo,simexdoo,,2025-10-31
AU2025103112830,KAJTEK Patrycja Minkina,,6,,,WA-2025,kajtekpatrycjaminkina,kajtekpatrycjaminkina,,2025-10-31
AU2025103112833,Elektroshop Enny Dizdarevic Ernesa e.U.,,28,,,WA-2025,elektroshopennydizdarevicernesaeu,elektroshopennydizdarevicernesaeu,,2025-10-31
AU2025110312839,IG international trading GmbH,,2,,,WA-2025,iginternationaltrading,iginternational,,2025-11-03
AU2025110312841,Sefik,,10,,,WA-2025,sefik,sefik,,2025-11-03
AU2025110312844,Karakitsos Stock House IKE,,4,,,WA-2025,karakitsosstockhouse,karakitsosstockhouse,,2025-11-03
AU2025110312846,Rati Marti,,17,,,WA-2025,ratimarti,ratimarti,,2025-11-03
AU2025110412850,Egzoni Sh.P.K,,22,,,WA-2025,egzonishpk,egzonishpk,,2025-11-04
AU2025110512864,UAB STEVIJA,,12,,,WA-2025,stevija,stevija,,2025-11-05
AU2025110512866,Simex D.O.O,,16,,,WA-2025,simexdoo,simexdoo,,2025-11-05
AU2025110512867,Emporia antalaktikon-Ilektrikon syskeuon,,1,,,WA-2025,emporiaantalaktikonilektrikonsyskeuon,emporiaantalaktikon,,2025-11-05
AU2025110512870,IG international trading GmbH,,5,,,WA-2025,iginternationaltrading,iginternational,,2025-11-05
AU2025110512871,Fixon Trade Kft.,,12,,,WA-2025,fixontrade,fixontrade,,2025-11-05
AU2025110612874,SIA Baltic Marketplace,,0,,,WA-2025,balticmarketplace,balticmarketplace,,2025-11-06
AU2025110612884,Steinhäuser und Mai GbR,,5,,,WA-2025,steinhäuserundmai,steinhäuserundmai,,2025-11-06
AU2025110612885,Jet DP Sp z.o.o,,0,,,WA-2025,jetdp,jetdp,,2025-11-06
AU2025110612886,Trade S.R.O. Számlázási,,6,,,WA-2025,tradesroszmlzsi,onlineshoppingtrade,,2025-11-06
AU2025110612887,Outlet Mebeli Ltd,,5,,,WA-2025,outletmebeli,outletmebeli,,2025-11-06
AU2025110612888,Outlet Mebeli Ltd,,1,,,WA-2025,outletmebeli,outletmebeli,,2025-11-06
AU2025110612890,Enno Kundendienst,,8,,,WA-2025,ennokundendienst,ennokundendienst,,2025-11-06
AU2025110712905,Outlet Mebeli Ltd,,34,,,WA-2025,outletmebeli,outletmebeli,,2025-11-07
AU2025110712909,Hanseatic georgia LLC,,3,,,WA-2025,hanseaticgeorgia,hanseaticgeorgia,,2025-11-07
AU2025110712910,Hanseatic georgia LLC,,3,,,WA-2025,hanseaticgeorgia,hanseaticgeorgia,,2025-11-07
AU2025110712911,Hanseatic georgia LLC,,3,,,WA-2025,hanseaticgeorgia,hanseaticgeorgia,,2025-11-07
AU2025110712912,Hanseatic georgia LLC,,11,,,WA-2025,hanseaticgeorgia,hanseaticgeorgia,,2025-11-07
AU2025110712913,Hanseatic georgia LLC,,3,,,WA-2025,hanseaticgeorgia,hanseaticgeorgia,,2025-11-07
AU2025110712917,PUKO Sp z.o.o.,,7,,,WA-2025,puko,puko,,2025-11-07
AU2025111012920,Techno Vision Group Ltd,,16,,,WA-2025,technovisiongroup,technovisiongroup,,2025-11-10
AU2025111012922,Shopify,,1,,,WA-2025,shopify,shopify,,2025-11-10
AU2025111012928,Hanseatic georgia LLC,,18,,,WA-2025,hanseaticgeorgia,hanseaticgeorgia,,2025-11-10
AU2025111012934,Green Loop GmbH,,2,,,WA-2025,greenloop,greenloop,,2025-11-10
AU2025111012938,Nikokira Outlet,,4,,,WA-2025,nikokiraoutlet,nikokiraoutlet,,2025-11-10
AU2025111112945,Stock House Nikaias,,6,,,WA-2025,stockhousenikaias,stockhousenikaias,,2025-11-11
AU2025111112946,IG international trading GmbH,,3,,,WA-2025,iginternationaltrading,iginternational,,2025-11-11
AU2025111112949,Trade S.R.O. Számlázási,,13,,,WA-2025,tradesroszmlzsi,onlineshoppingtrade,,2025-11-11
AU2025111112951,Rati Marti,,9,,,WA-2025,ratimarti,ratimarti,,2025-11-11
AU2025111112952,Cads Engineering GmbH,,2,,,WA-2025,cadsengineering,cadsengineering,,2025-11-11
AU2025111212958,Sparhaus GbR,,9,,,WA-2025,sparhaus,sparhaus,,2025-11-12
AU2025111212961,Ya-Sec Handel GmbH,,12,,,WA-2025,yasechandel,yasechandel,,2025-11-12
AU2025111212967,Deland Ltd EOOD,,12,,,WA-2025,deland,deland,,2025-11-12
AU2025111212968,Deland Ltd EOOD,,8,,,WA-2025,deland,deland,,2025-11-12
AU2025111212971,Enterijer D.O.O.,,7,,,WA-2025,enterijerdoo,enterijerdoo,,2025-11-12
AU2025111212973,Egzoni Sh.P.K,,1,,,WA-2025,egzonishpk,egzonishpk,,2025-11-12
AU2025111312981,UAB STEVIJA,,4,,,WA-2025,stevija,stevija,,2025-11-13
AU2025111312998,RU Recycling und Umweltdienst GmbH,,13,,,WA-2025,rurecyclingundumweltdienst,rurecyclingundumweltdienst,,2025-11-13
AU2025111413002,Ados Witgoed,,6,,,WA-2025,adoswitgoed,adoswitgoed,,2025-11-14
AU2025111413003,Hermans Trading BV,,10,,,WA-2025,hermanstrading,hermanstrading,,2025-11-14
AU2025111413009,TP-Resale,,0,,,WA-2025,tpresale,tpresale,,2025-11-14
AU2025111413013,Egzoni Sh.P.K,,3,,,WA-2025,egzonishpk,egzonishpk,,2025-11-14
AU2025111413015,Outlet Mebeli Ltd,,3,,,WA-2025,outletmebeli,outletmebeli,,2025-11-14
AU2025111413017,Bastounis Anastasios,,4,,,WA-2025,bastounisanastasios,bastounisanastasios,,2025-11-14
AU2025111713024,NAS ELECTROMENAGER,,8,,,WA-2025,naselectromenager,naselectromenager,,2025-11-17
AU2025111713026,Kaldi Prime Kft,,9,,,WA-2025,kaldiprime,kaldiprime,,2025-11-17
AU2025111713027,UAB STEVIJA,,11,,,WA-2025,stevija,stevija,,2025-11-17
AU2025111713028,Marketvibe Srl,,7,,,WA-2025,marketvibe,marketvibe,,2025-11-17
AU2025111813032,IG international trading GmbH,,13,,,WA-2025,iginternationaltrading,iginternational,,2025-11-18
AU2025111813033,Secmen Yalcin,,3,,,WA-2025,secmenyalcin,secmenyalcin,,2025-11-18
AU2025111813037,KOUTLIANOS NIKOS,,20,,,WA-2025,koutlianosnikos,koutlianosnikos,,2025-11-18
AU2025111813041,Outlet Simex D.O.O,,16,,,WA-2025,outletsimexdoo,outletsimexdoo,,2025-11-18
AU2025111913045,PowerSoft Vertriebs GmbH,,0,,,WA-2025,powersoftvertriebs,powersoftvertriebs,,2025-11-19
AU2025111913046,PowerSoft Vertriebs GmbH,,1,,,WA-2025,powersoftvertriebs,powersoftvertriebs,,2025-11-19
AU2025111913048,Hermans Trading BV,,6,,,WA-2025,hermanstrading,hermanstrading,,2025-11-19
AU2025111913049,Rati Marti,,1,,,WA-2025,ratimarti,ratimarti,,2025-11-19
AU2025111913051,Kaldi Prime Kft,,7,,,WA-2025,kaldiprime,kaldiprime,,2025-11-19
AU2025112013056,UAB STEVIJA,,5,,,WA-2025,stevija,stevija,,2025-11-20
AU2025112013061,SABO 2018 LTD,,7,,,WA-2025,sabo2018,sabo2018,,2025-11-20
AU2025112113065,Elektroshop Enny Dizdarevic Ernesa e.U.,,5,,,WA-2025,elektroshopennydizdarevicernesaeu,elektroshopennydizdarevicernesaeu,,2025-11-21
AU2025112113070,Hanseatic georgia LLC,,7,,,WA-2025,hanseaticgeorgia,hanseaticgeorgia,,2025-11-21
AU2025112113071,Buy4less GmbH,,5,,,WA-2025,buy4less,buy4less,,2025-11-21
AU2025112513088,Amm GmbH & Co KG Spedition,,0,,,WA-2025,ammcospedition,ammcospedition,,2025-11-25
AU2025112513089,GLOBAL LIQUIDACIONES SL,,3,,,WA-2025,globalliquidaciones,globalliquidaciones,,2025-11-25
AU2025112513091,Grünwelt Galabau,,2,,,WA-2025,grünweltgalabau,grünweltgalabau,,2025-11-25
AU2025112513092,UAB Portana,,6,,,WA-2025,portana,portana,,2025-11-25
AU2025112513095,Vatan Kommunikation,,15,,,WA-2025,vatankommunikation,vatankommunikation,,2025-11-25
AU2025112513099,Simex D.O.O,,15,,,WA-2025,simexdoo,simexdoo,,2025-11-25
AU2025112513100,NAS ELECTROMENAGER,,3,,,WA-2025,naselectromenager,naselectromenager,,2025-11-25
AU2025112613103,Hermans Trading BV,,7,,,WA-2025,hermanstrading,hermanstrading,,2025-11-26
AU2025112613106,Stock House Nikaias,,2,,,WA-2025,stockhousenikaias,stockhousenikaias,,2025-11-26
AU2025112613112,IG international trading GmbH,,1,,,WA-2025,iginternationaltrading,iginternational,,2025-11-26
AU2025112713116,Hanseatic georgia LLC,,6,,,WA-2025,hanseaticgeorgia,hanseaticgeorgia,,2025-11-27
AU2025112713119,Cads Engineering GmbH,,8,,,WA-2025,cadsengineering,cadsengineering,,2025-11-27
AU2025112713120,Rati Marti,,6,,,WA-2025,ratimarti,ratimarti,,2025-11-27
AU2025112713122,UAB STEVIJA,,18,,,WA-2025,stevija,stevija,,2025-11-27
AU2025112713123,Enno Kundendienst,,4,,,WA-2025,ennokundendienst,ennokundendienst,,2025-11-27
AU2025112813127,Ya-Sec Handel GmbH,,6,,,WA-2025,yasechandel,yasechandel,,2025-11-28
AU2025112813136,Rati Marti,,5,,,WA-2025,ratimarti,ratimarti,,2025-11-28
AU2025112813137,IG international trading GmbH,,7,,,WA-2025,iginternationaltrading,iginternational,,2025-11-28
AU2025112813142,SUNELECTRO OÜ,,19,,,WA-2025,sunelectro,sunelectro,,2025-11-28
AU2025112813144,Rhein Hausgeräte und Service,,10,,,WA-2025,rheinhausgeräteundservice,rheinhausgeräteundservice,,2025-11-28
AU2025120113150,Todo Cash,,14,,,WA-2025,todocash,todocash,,2025-12-01
AU2025120113153,UAB Portana,,0,,,WA-2025,portana,portana,,2025-12-01
AU2025120113155,ELECTRO BALKAN DI BOJANIC ZELJKO,,10,,,WA-2025,electrobalkandibojaniczeljko,electrobalkan,,2025-12-01
AU2025120113156,Hermans Trading BV,,2,,,WA-2025,hermanstrading,hermanstrading,,2025-12-01
AU2025120113157,Kaldi Prime Kft,,8,,,WA-2025,kaldiprime,kaldiprime,,2025-12-01
AU2025120113158,Bastounis Anastasios,,0,,,WA-2025,bastounisanastasios,bastounisanastasios,,2025-12-01
AU2025120113159,Soutis Electrics,,0,,,WA-2025,soutiselectrics,soutiselectrics,,2025-12-01
AU2025120113160,Soutis Electrics,,0,,,WA-2025,soutiselectrics,soutiselectrics,,2025-12-01
AU2025120113161,Shopify) Brennstoffe und mehr!,,2,,,WA-2025,shopifybrennstoffeundmehr,shopifybrennstoffeundmehr,,2025-12-01
AU2025120113162,Hanseatic georgia LLC,,2,,,WA-2025,hanseaticgeorgia,hanseaticgeorgia,,2025-12-01
AU2025120213166,Simex D.O.O,,14,,,WA-2025,simexdoo,simexdoo,,2025-12-02
AU2025120213169,Outlet Mebeli Ltd,,2,,,WA-2025,outletmebeli,outletmebeli,,2025-12-02
AU2025120213173,Hanseatic georgia LLC,,6,,,WA-2025,hanseaticgeorgia,hanseaticgeorgia,,2025-12-02
AU2025120213174,Green Loop GmbH,,1,,,WA-2025,greenloop,greenloop,,2025-12-02
AU2025120213175,AC Service,,10,,,WA-2025,acservice,acservice,,2025-12-02
AU2025120313176,Marketvibe Srl,,1,,,WA-2025,marketvibe,marketvibe,,2025-12-03
AU2025120313177,UAB STEVIJA,,13,,,WA-2025,stevija,stevija,,2025-12-03
AU2025120313178,TP-Resale,,5,,,WA-2025,tpresale,tpresale,,2025-12-03
AU2025120413180,Bastounis Anastasios,,7,,,WA-2025,bastounisanastasios,bastounisanastasios,,2025-12-04
AU2025120413181,ReElectro,,25,,,WA-2025,reelectro,reelectro,,2025-12-04
AU2025120413182,TP-Resale,,4,,,WA-2025,tpresale,tpresale,,2025-12-04
AU2025120413183,SIOKOS DIM.GEORGIOS,,7,,,WA-2025,siokosdimgeorgios,siokosdimgeorgios,,2025-12-04
AU2025120413185,Rati Marti,,15,,,WA-2025,ratimarti,ratimarti,,2025-12-04
AU2025120513186,Ya-Sec Handel GmbH,,7,,,WA-2025,yasechandel,yasechandel,,2025-12-05
AU2025120513187,Ovitshop,,6,,,WA-2025,ovitshop,ovitshop,,2025-12-05
AU2025120813190,Hanseatic georgia LLC,,1,,,WA-2025,hanseaticgeorgia,hanseaticgeorgia,,2025-12-08
AU2025120813192,IG international trading GmbH,,4,,,WA-2025,iginternationaltrading,iginternational,,2025-12-08
AU2025120913194,Hanseatic georgia LLC,,0,,,WA-2025,hanseaticgeorgia,hanseaticgeorgia,,2025-12-09
AU2025120913196,ELECTRO BALKAN DI BOJANIC ZELJKO,,2,,,WA-2025,electrobalkandibojaniczeljko,electrobalkan,,2025-12-09
AU2025120913198,Enterijer D.O.O.,,9,,,WA-2025,enterijerdoo,enterijerdoo,,2025-12-09
AU2025120913199,Hanseatic georgia LLC,,1,,,WA-2025,hanseaticgeorgia,hanseaticgeorgia,,2025-12-09
AU2025120913200,KAJTEK Patrycja Minkina,,6,,,WA-2025,kajtekpatrycjaminkina,kajtekpatrycjaminkina,,2025-12-09
AU2025121013203,Restlos GmbH,,2,,,WA-2025,restlos,restlos,,2025-12-10
AU2025121013204,Restlos GmbH,,2,,,WA-2025,restlos,restlos,,2025-12-10
AU2025121113205,Nikokira Outlet,,1,,,WA-2025,nikokiraoutlet,nikokiraoutlet,,2025-12-11
AU2025121113208,Oli Outlet Kft.,,6,,,WA-2025,olioutlet,olioutlet,,2025-12-11
AU2025121113209,Simex D.O.O,,5,,,WA-2025,simexdoo,simexdoo,,2025-12-11
AU2025121213213,Bastounis Anastasios,,3,,,WA-2025,bastounisanastasios,bastounisanastasios,,2025-12-12
AU2025121213214,Hermans Trading BV,,7,,,WA-2025,hermanstrading,hermanstrading,,2025-12-12
AU2025121513220,Techno Planet LTD,,2,,,WA-2025,technoplanet,technoplanet,,2025-12-15
AU2025121513221,IG international trading GmbH,,3,,,WA-2025,iginternationaltrading,iginternational,,2025-12-15
AU2025121613223,Ovitshop,,1,,,WA-2025,ovitshop,ovitshop,,2025-12-16
AU2025121713224,TECHNO ELECTRONICS 5 Ltd,,2,,,WA-2025,technoelectronics5,technoelectronics5,,2025-12-17
AU2025121713225,IG international trading GmbH,,1,,,WA-2025,iginternationaltrading,iginternational,,2025-12-17
AU2025121713226,Sefik,,2,,,WA-2025,sefik,sefik,,2025-12-17
AU2025121713227,IG international trading GmbH,,1,,,WA-2025,iginternationaltrading,iginternational,,2025-12-17
AU2025121813228,Enno Kundendienst,,1,,,WA-2025,ennokundendienst,ennokundendienst,,2025-12-18
AU2025121813229,Marketvibe Srl,,0,,,WA-2025,marketvibe,marketvibe,,2025-12-18
